"filename", "language", "Markdown", "Python", "Docker", "YAML", "Swift", "TypeScript", "JSON with Comments", "MS SQL", "JSON", "Ignore", "JavaScript", "Shell Script", "Dotenv", "comment", "blank", "total"
"/Users/antonpyatnica/Downloads/ProjectVay/.claude/commands/own/advise.md", "Markdown", 237, 0, 0, 0, 0, 0, 0, 0, 0, 0, 0, 0, 0, 0, 76, 313
"/Users/antonpyatnica/Downloads/ProjectVay/.claude/commands/own/docs.md", "Markdown", 227, 0, 0, 0, 0, 0, 0, 0, 0, 0, 0, 0, 0, 0, 101, 328
"/Users/antonpyatnica/Downloads/ProjectVay/.claude/commands/own/done.md", "Markdown", 352, 0, 0, 0, 0, 0, 0, 0, 0, 0, 0, 0, 0, 0, 145, 497
"/Users/antonpyatnica/Downloads/ProjectVay/.claude/commands/own/feature.md", "Markdown", 387, 0, 0, 0, 0, 0, 0, 0, 0, 0, 0, 0, 0, 0, 155, 542
"/Users/antonpyatnica/Downloads/ProjectVay/.claude/commands/own/guide.md", "Markdown", 184, 0, 0, 0, 0, 0, 0, 0, 0, 0, 0, 0, 0, 0, 90, 274
"/Users/antonpyatnica/Downloads/ProjectVay/.claude/commands/own/init.md", "Markdown", 895, 0, 0, 0, 0, 0, 0, 0, 0, 0, 0, 0, 0, 0, 418, 1313
"/Users/antonpyatnica/Downloads/ProjectVay/.claude/commands/own/profile.md", "Markdown", 193, 0, 0, 0, 0, 0, 0, 0, 0, 0, 0, 0, 0, 0, 76, 269
"/Users/antonpyatnica/Downloads/ProjectVay/.claude/commands/own/retro.md", "Markdown", 239, 0, 0, 0, 0, 0, 0, 0, 0, 0, 0, 0, 0, 0, 90, 329
"/Users/antonpyatnica/Downloads/ProjectVay/.claude/commands/own/status.md", "Markdown", 223, 0, 0, 0, 0, 0, 0, 0, 0, 0, 0, 0, 0, 0, 79, 302
"/Users/antonpyatnica/Downloads/ProjectVay/.claude/commands/own/stuck.md", "Markdown", 190, 0, 0, 0, 0, 0, 0, 0, 0, 0, 0, 0, 0, 0, 101, 291
"/Users/antonpyatnica/Downloads/ProjectVay/.claude/commands/own/test.md", "Markdown", 264, 0, 0, 0, 0, 0, 0, 0, 0, 0, 0, 0, 0, 0, 125, 389
"/Users/antonpyatnica/Downloads/ProjectVay/.claude/ownyourcode-manifest.json", "JSON", 0, 0, 0, 0, 0, 0, 0, 0, 64, 0, 0, 0, 0, 0, 1, 65
"/Users/antonpyatnica/Downloads/ProjectVay/.claude/settings.local.json", "JSON", 0, 0, 0, 0, 0, 0, 0, 0, 25, 0, 0, 0, 0, 0, 1, 26
"/Users/antonpyatnica/Downloads/ProjectVay/.claude/skills/career/resume-bullets/SKILL.md", "Markdown", 163, 0, 0, 0, 0, 0, 0, 0, 0, 0, 0, 0, 0, 0, 61, 224
"/Users/antonpyatnica/Downloads/ProjectVay/.claude/skills/career/star-stories/SKILL.md", "Markdown", 139, 0, 0, 0, 0, 0, 0, 0, 0, 0, 0, 0, 0, 0, 57, 196
"/Users/antonpyatnica/Downloads/ProjectVay/.claude/skills/fundamentals/accessibility/SKILL.md", "Markdown", 213, 0, 0, 0, 0, 0, 0, 0, 0, 0, 0, 0, 0, 0, 74, 287
"/Users/antonpyatnica/Downloads/ProjectVay/.claude/skills/fundamentals/backend/SKILL.md", "Markdown", 109, 0, 0, 0, 0, 0, 0, 0, 0, 0, 0, 0, 0, 0, 39, 148
"/Users/antonpyatnica/Downloads/ProjectVay/.claude/skills/fundamentals/database/SKILL.md", "Markdown", 167, 0, 0, 0, 0, 0, 0, 0, 0, 0, 0, 0, 0, 0, 57, 224
"/Users/antonpyatnica/Downloads/ProjectVay/.claude/skills/fundamentals/debugging/SKILL.md", "Markdown", 246, 0, 0, 0, 0, 0, 0, 0, 0, 0, 0, 0, 0, 0, 69, 315
"/Users/antonpyatnica/Downloads/ProjectVay/.claude/skills/fundamentals/documentation/SKILL.md", "Markdown", 234, 0, 0, 0, 0, 0, 0, 0, 0, 0, 0, 0, 0, 0, 101, 335
"/Users/antonpyatnica/Downloads/ProjectVay/.claude/skills/fundamentals/engineering/SKILL.md", "Markdown", 138, 0, 0, 0, 0, 0, 0, 0, 0, 0, 0, 0, 0, 0, 45, 183
"/Users/antonpyatnica/Downloads/ProjectVay/.claude/skills/fundamentals/error-handling/SKILL.md", "Markdown", 201, 0, 0, 0, 0, 0, 0, 0, 0, 0, 0, 0, 0, 0, 52, 253
"/Users/antonpyatnica/Downloads/ProjectVay/.claude/skills/fundamentals/frontend/SKILL.md", "Markdown", 86, 0, 0, 0, 0, 0, 0, 0, 0, 0, 0, 0, 0, 0, 35, 121
"/Users/antonpyatnica/Downloads/ProjectVay/.claude/skills/fundamentals/performance/SKILL.md", "Markdown", 135, 0, 0, 0, 0, 0, 0, 0, 0, 0, 0, 0, 0, 0, 43, 178
"/Users/antonpyatnica/Downloads/ProjectVay/.claude/skills/fundamentals/resistance/SKILL.md", "Markdown", 117, 0, 0, 0, 0, 0, 0, 0, 0, 0, 0, 0, 0, 0, 57, 174
"/Users/antonpyatnica/Downloads/ProjectVay/.claude/skills/fundamentals/security/SKILL.md", "Markdown", 125, 0, 0, 0, 0, 0, 0, 0, 0, 0, 0, 0, 0, 0, 42, 167
"/Users/antonpyatnica/Downloads/ProjectVay/.claude/skills/fundamentals/seo/SKILL.md", "Markdown", 163, 0, 0, 0, 0, 0, 0, 0, 0, 0, 0, 0, 0, 0, 57, 220
"/Users/antonpyatnica/Downloads/ProjectVay/.claude/skills/fundamentals/testing/SKILL.md", "Markdown", 160, 0, 0, 0, 0, 0, 0, 0, 0, 0, 0, 0, 0, 0, 59, 219
"/Users/antonpyatnica/Downloads/ProjectVay/.claude/skills/gates/error/SKILL.md", "Markdown", 176, 0, 0, 0, 0, 0, 0, 0, 0, 0, 0, 0, 0, 0, 55, 231
"/Users/antonpyatnica/Downloads/ProjectVay/.claude/skills/gates/fundamentals/SKILL.md", "Markdown", 179, 0, 0, 0, 0, 0, 0, 0, 0, 0, 0, 0, 0, 0, 63, 242
"/Users/antonpyatnica/Downloads/ProjectVay/.claude/skills/gates/ownership/SKILL.md", "Markdown", 102, 0, 0, 0, 0, 0, 0, 0, 0, 0, 0, 0, 0, 0, 47, 149
"/Users/antonpyatnica/Downloads/ProjectVay/.claude/skills/gates/performance/SKILL.md", "Markdown", 174, 0, 0, 0, 0, 0, 0, 0, 0, 0, 0, 0, 0, 0, 61, 235
"/Users/antonpyatnica/Downloads/ProjectVay/.claude/skills/gates/security/SKILL.md", "Markdown", 146, 0, 0, 0, 0, 0, 0, 0, 0, 0, 0, 0, 0, 0, 55, 201
"/Users/antonpyatnica/Downloads/ProjectVay/.claude/skills/gates/testing/SKILL.md", "Markdown", 112, 0, 0, 0, 0, 0, 0, 0, 0, 0, 0, 0, 0, 0, 58, 170
"/Users/antonpyatnica/Downloads/ProjectVay/.claude/worktrees/vigilant-lewin/.claude/commands/own/advise.md", "Markdown", 237, 0, 0, 0, 0, 0, 0, 0, 0, 0, 0, 0, 0, 0, 76, 313
"/Users/antonpyatnica/Downloads/ProjectVay/.claude/worktrees/vigilant-lewin/.claude/commands/own/docs.md", "Markdown", 227, 0, 0, 0, 0, 0, 0, 0, 0, 0, 0, 0, 0, 0, 101, 328
"/Users/antonpyatnica/Downloads/ProjectVay/.claude/worktrees/vigilant-lewin/.claude/commands/own/done.md", "Markdown", 352, 0, 0, 0, 0, 0, 0, 0, 0, 0, 0, 0, 0, 0, 145, 497
"/Users/antonpyatnica/Downloads/ProjectVay/.claude/worktrees/vigilant-lewin/.claude/commands/own/feature.md", "Markdown", 387, 0, 0, 0, 0, 0, 0, 0, 0, 0, 0, 0, 0, 0, 155, 542
"/Users/antonpyatnica/Downloads/ProjectVay/.claude/worktrees/vigilant-lewin/.claude/commands/own/guide.md", "Markdown", 184, 0, 0, 0, 0, 0, 0, 0, 0, 0, 0, 0, 0, 0, 90, 274
"/Users/antonpyatnica/Downloads/ProjectVay/.claude/worktrees/vigilant-lewin/.claude/commands/own/init.md", "Markdown", 895, 0, 0, 0, 0, 0, 0, 0, 0, 0, 0, 0, 0, 0, 418, 1313
"/Users/antonpyatnica/Downloads/ProjectVay/.claude/worktrees/vigilant-lewin/.claude/commands/own/profile.md", "Markdown", 193, 0, 0, 0, 0, 0, 0, 0, 0, 0, 0, 0, 0, 0, 76, 269
"/Users/antonpyatnica/Downloads/ProjectVay/.claude/worktrees/vigilant-lewin/.claude/commands/own/retro.md", "Markdown", 239, 0, 0, 0, 0, 0, 0, 0, 0, 0, 0, 0, 0, 0, 90, 329
"/Users/antonpyatnica/Downloads/ProjectVay/.claude/worktrees/vigilant-lewin/.claude/commands/own/status.md", "Markdown", 223, 0, 0, 0, 0, 0, 0, 0, 0, 0, 0, 0, 0, 0, 79, 302
"/Users/antonpyatnica/Downloads/ProjectVay/.claude/worktrees/vigilant-lewin/.claude/commands/own/stuck.md", "Markdown", 190, 0, 0, 0, 0, 0, 0, 0, 0, 0, 0, 0, 0, 0, 101, 291
"/Users/antonpyatnica/Downloads/ProjectVay/.claude/worktrees/vigilant-lewin/.claude/commands/own/test.md", "Markdown", 264, 0, 0, 0, 0, 0, 0, 0, 0, 0, 0, 0, 0, 0, 125, 389
"/Users/antonpyatnica/Downloads/ProjectVay/.claude/worktrees/vigilant-lewin/.claude/ownyourcode-manifest.json", "JSON", 0, 0, 0, 0, 0, 0, 0, 0, 64, 0, 0, 0, 0, 0, 1, 65
"/Users/antonpyatnica/Downloads/ProjectVay/.claude/worktrees/vigilant-lewin/.claude/skills/career/resume-bullets/SKILL.md", "Markdown", 163, 0, 0, 0, 0, 0, 0, 0, 0, 0, 0, 0, 0, 0, 61, 224
"/Users/antonpyatnica/Downloads/ProjectVay/.claude/worktrees/vigilant-lewin/.claude/skills/career/star-stories/SKILL.md", "Markdown", 139, 0, 0, 0, 0, 0, 0, 0, 0, 0, 0, 0, 0, 0, 57, 196
"/Users/antonpyatnica/Downloads/ProjectVay/.claude/worktrees/vigilant-lewin/.claude/skills/fundamentals/accessibility/SKILL.md", "Markdown", 213, 0, 0, 0, 0, 0, 0, 0, 0, 0, 0, 0, 0, 0, 74, 287
"/Users/antonpyatnica/Downloads/ProjectVay/.claude/worktrees/vigilant-lewin/.claude/skills/fundamentals/backend/SKILL.md", "Markdown", 109, 0, 0, 0, 0, 0, 0, 0, 0, 0, 0, 0, 0, 0, 39, 148
"/Users/antonpyatnica/Downloads/ProjectVay/.claude/worktrees/vigilant-lewin/.claude/skills/fundamentals/database/SKILL.md", "Markdown", 167, 0, 0, 0, 0, 0, 0, 0, 0, 0, 0, 0, 0, 0, 57, 224
"/Users/antonpyatnica/Downloads/ProjectVay/.claude/worktrees/vigilant-lewin/.claude/skills/fundamentals/debugging/SKILL.md", "Markdown", 246, 0, 0, 0, 0, 0, 0, 0, 0, 0, 0, 0, 0, 0, 69, 315
"/Users/antonpyatnica/Downloads/ProjectVay/.claude/worktrees/vigilant-lewin/.claude/skills/fundamentals/documentation/SKILL.md", "Markdown", 234, 0, 0, 0, 0, 0, 0, 0, 0, 0, 0, 0, 0, 0, 101, 335
"/Users/antonpyatnica/Downloads/ProjectVay/.claude/worktrees/vigilant-lewin/.claude/skills/fundamentals/engineering/SKILL.md", "Markdown", 138, 0, 0, 0, 0, 0, 0, 0, 0, 0, 0, 0, 0, 0, 45, 183
"/Users/antonpyatnica/Downloads/ProjectVay/.claude/worktrees/vigilant-lewin/.claude/skills/fundamentals/error-handling/SKILL.md", "Markdown", 201, 0, 0, 0, 0, 0, 0, 0, 0, 0, 0, 0, 0, 0, 52, 253
"/Users/antonpyatnica/Downloads/ProjectVay/.claude/worktrees/vigilant-lewin/.claude/skills/fundamentals/frontend/SKILL.md", "Markdown", 86, 0, 0, 0, 0, 0, 0, 0, 0, 0, 0, 0, 0, 0, 35, 121
"/Users/antonpyatnica/Downloads/ProjectVay/.claude/worktrees/vigilant-lewin/.claude/skills/fundamentals/performance/SKILL.md", "Markdown", 135, 0, 0, 0, 0, 0, 0, 0, 0, 0, 0, 0, 0, 0, 43, 178
"/Users/antonpyatnica/Downloads/ProjectVay/.claude/worktrees/vigilant-lewin/.claude/skills/fundamentals/resistance/SKILL.md", "Markdown", 117, 0, 0, 0, 0, 0, 0, 0, 0, 0, 0, 0, 0, 0, 57, 174
"/Users/antonpyatnica/Downloads/ProjectVay/.claude/worktrees/vigilant-lewin/.claude/skills/fundamentals/security/SKILL.md", "Markdown", 125, 0, 0, 0, 0, 0, 0, 0, 0, 0, 0, 0, 0, 0, 42, 167
"/Users/antonpyatnica/Downloads/ProjectVay/.claude/worktrees/vigilant-lewin/.claude/skills/fundamentals/seo/SKILL.md", "Markdown", 163, 0, 0, 0, 0, 0, 0, 0, 0, 0, 0, 0, 0, 0, 57, 220
"/Users/antonpyatnica/Downloads/ProjectVay/.claude/worktrees/vigilant-lewin/.claude/skills/fundamentals/testing/SKILL.md", "Markdown", 160, 0, 0, 0, 0, 0, 0, 0, 0, 0, 0, 0, 0, 0, 59, 219
"/Users/antonpyatnica/Downloads/ProjectVay/.claude/worktrees/vigilant-lewin/.claude/skills/gates/error/SKILL.md", "Markdown", 176, 0, 0, 0, 0, 0, 0, 0, 0, 0, 0, 0, 0, 0, 55, 231
"/Users/antonpyatnica/Downloads/ProjectVay/.claude/worktrees/vigilant-lewin/.claude/skills/gates/fundamentals/SKILL.md", "Markdown", 179, 0, 0, 0, 0, 0, 0, 0, 0, 0, 0, 0, 0, 0, 63, 242
"/Users/antonpyatnica/Downloads/ProjectVay/.claude/worktrees/vigilant-lewin/.claude/skills/gates/ownership/SKILL.md", "Markdown", 102, 0, 0, 0, 0, 0, 0, 0, 0, 0, 0, 0, 0, 0, 47, 149
"/Users/antonpyatnica/Downloads/ProjectVay/.claude/worktrees/vigilant-lewin/.claude/skills/gates/performance/SKILL.md", "Markdown", 174, 0, 0, 0, 0, 0, 0, 0, 0, 0, 0, 0, 0, 0, 61, 235
"/Users/antonpyatnica/Downloads/ProjectVay/.claude/worktrees/vigilant-lewin/.claude/skills/gates/security/SKILL.md", "Markdown", 146, 0, 0, 0, 0, 0, 0, 0, 0, 0, 0, 0, 0, 0, 55, 201
"/Users/antonpyatnica/Downloads/ProjectVay/.claude/worktrees/vigilant-lewin/.claude/skills/gates/testing/SKILL.md", "Markdown", 112, 0, 0, 0, 0, 0, 0, 0, 0, 0, 0, 0, 0, 0, 58, 170
"/Users/antonpyatnica/Downloads/ProjectVay/.claude/worktrees/vigilant-lewin/.github/workflows/qwen-dispatch.yml", "YAML", 0, 0, 0, 189, 0, 0, 0, 0, 0, 0, 0, 0, 0, 3, 13, 205
"/Users/antonpyatnica/Downloads/ProjectVay/.claude/worktrees/vigilant-lewin/.github/workflows/qwen-invoke.yml", "YAML", 0, 0, 0, 111, 0, 0, 0, 0, 0, 0, 0, 0, 0, 0, 6, 117
"/Users/antonpyatnica/Downloads/ProjectVay/.claude/worktrees/vigilant-lewin/.github/workflows/qwen-review.yml", "YAML", 0, 0, 0, 98, 0, 0, 0, 0, 0, 0, 0, 0, 0, 0, 7, 105
"/Users/antonpyatnica/Downloads/ProjectVay/.claude/worktrees/vigilant-lewin/.github/workflows/qwen-scheduled-triage.yml", "YAML", 0, 0, 0, 182, 0, 0, 0, 0, 0, 0, 0, 0, 0, 5, 22, 209
"/Users/antonpyatnica/Downloads/ProjectVay/.claude/worktrees/vigilant-lewin/.github/workflows/qwen-triage.yml", "YAML", 0, 0, 0, 136, 0, 0, 0, 0, 0, 0, 0, 0, 0, 5, 12, 153
"/Users/antonpyatnica/Downloads/ProjectVay/.claude/worktrees/vigilant-lewin/CLAUDE.md", "Markdown", 77, 0, 0, 0, 0, 0, 0, 0, 0, 0, 0, 0, 0, 0, 32, 109
"/Users/antonpyatnica/Downloads/ProjectVay/.claude/worktrees/vigilant-lewin/README.md", "Markdown", 37, 0, 0, 0, 0, 0, 0, 0, 0, 0, 0, 0, 0, 0, 8, 45
"/Users/antonpyatnica/Downloads/ProjectVay/.claude/worktrees/vigilant-lewin/backend/.dockerignore", "Ignore", 0, 0, 0, 0, 0, 0, 0, 0, 0, 19, 0, 0, 0, 0, 1, 20
"/Users/antonpyatnica/Downloads/ProjectVay/.claude/worktrees/vigilant-lewin/backend/.github/workflows/ci.yml", "YAML", 0, 0, 0, 64, 0, 0, 0, 0, 0, 0, 0, 0, 0, 0, 19, 83
"/Users/antonpyatnica/Downloads/ProjectVay/.claude/worktrees/vigilant-lewin/backend/Dockerfile", "Docker", 0, 0, 23, 0, 0, 0, 0, 0, 0, 0, 0, 0, 0, 0, 15, 38
"/Users/antonpyatnica/Downloads/ProjectVay/.claude/worktrees/vigilant-lewin/backend/data/ai-store.sqlite", "MS SQL", 0, 0, 0, 0, 0, 0, 0, 16, 0, 0, 0, 0, 0, 0, 0, 16
"/Users/antonpyatnica/Downloads/ProjectVay/.claude/worktrees/vigilant-lewin/backend/data/recipe-cache.sqlite", "MS SQL", 0, 0, 0, 0, 0, 0, 0, 13, 0, 0, 0, 0, 0, 0, 0, 13
"/Users/antonpyatnica/Downloads/ProjectVay/.claude/worktrees/vigilant-lewin/backend/docker-compose.yml", "YAML", 0, 0, 0, 51, 0, 0, 0, 0, 0, 0, 0, 0, 0, 0, 4, 55
"/Users/antonpyatnica/Downloads/ProjectVay/.claude/worktrees/vigilant-lewin/backend/package-lock.json", "JSON", 0, 0, 0, 0, 0, 0, 0, 0, 5664, 0, 0, 0, 0, 0, 1, 5665
"/Users/antonpyatnica/Downloads/ProjectVay/.claude/worktrees/vigilant-lewin/backend/package.json", "JSON", 0, 0, 0, 0, 0, 0, 0, 0, 40, 0, 0, 0, 0, 0, 1, 41
"/Users/antonpyatnica/Downloads/ProjectVay/.claude/worktrees/vigilant-lewin/backend/src/config/env.ts", "TypeScript", 0, 0, 0, 0, 0, 51, 0, 0, 0, 0, 0, 0, 0, 7, 18, 76
"/Users/antonpyatnica/Downloads/ProjectVay/.claude/worktrees/vigilant-lewin/backend/src/config/recipeSources.ts", "TypeScript", 0, 0, 0, 0, 0, 24, 0, 0, 0, 0, 0, 0, 0, 0, 5, 29
"/Users/antonpyatnica/Downloads/ProjectVay/.claude/worktrees/vigilant-lewin/backend/src/data/mockRecipes.ts", "TypeScript", 0, 0, 0, 0, 0, 27, 0, 0, 0, 0, 0, 0, 0, 0, 2, 29
"/Users/antonpyatnica/Downloads/ProjectVay/.claude/worktrees/vigilant-lewin/backend/src/ingestion/adapters/catalog.ts", "TypeScript", 0, 0, 0, 0, 0, 63, 0, 0, 0, 0, 0, 0, 0, 0, 13, 76
"/Users/antonpyatnica/Downloads/ProjectVay/.claude/worktrees/vigilant-lewin/backend/src/ingestion/adapters/edaru.ts", "TypeScript", 0, 0, 0, 0, 0, 44, 0, 0, 0, 0, 0, 0, 0, 0, 6, 50
"/Users/antonpyatnica/Downloads/ProjectVay/.claude/worktrees/vigilant-lewin/backend/src/ingestion/adapters/foodru.ts", "TypeScript", 0, 0, 0, 0, 0, 44, 0, 0, 0, 0, 0, 0, 0, 0, 6, 50
"/Users/antonpyatnica/Downloads/ProjectVay/.claude/worktrees/vigilant-lewin/backend/src/ingestion/adapters/magnit.ts", "TypeScript", 0, 0, 0, 0, 0, 48, 0, 0, 0, 0, 0, 0, 0, 0, 7, 55
"/Users/antonpyatnica/Downloads/ProjectVay/.claude/worktrees/vigilant-lewin/backend/src/ingestion/adapters/off.ts", "TypeScript", 0, 0, 0, 0, 0, 101, 0, 0, 0, 0, 0, 0, 0, 0, 19, 120
"/Users/antonpyatnica/Downloads/ProjectVay/.claude/worktrees/vigilant-lewin/backend/src/ingestion/adapters/povarru.ts", "TypeScript", 0, 0, 0, 0, 0, 44, 0, 0, 0, 0, 0, 0, 0, 0, 6, 50
"/Users/antonpyatnica/Downloads/ProjectVay/.claude/worktrees/vigilant-lewin/backend/src/ingestion/adapters/pyaterochka.ts", "TypeScript", 0, 0, 0, 0, 0, 49, 0, 0, 0, 0, 0, 0, 0, 0, 7, 56
"/Users/antonpyatnica/Downloads/ProjectVay/.claude/worktrees/vigilant-lewin/backend/src/ingestion/adapters/recipeHTML.ts", "TypeScript", 0, 0, 0, 0, 0, 188, 0, 0, 0, 0, 0, 0, 0, 0, 26, 214
"/Users/antonpyatnica/Downloads/ProjectVay/.claude/worktrees/vigilant-lewin/backend/src/ingestion/adapters/uhtt.ts", "TypeScript", 0, 0, 0, 0, 0, 51, 0, 0, 0, 0, 0, 0, 0, 0, 10, 61
"/Users/antonpyatnica/Downloads/ProjectVay/.claude/worktrees/vigilant-lewin/backend/src/ingestion/dedupe.ts", "TypeScript", 0, 0, 0, 0, 0, 56, 0, 0, 0, 0, 0, 0, 0, 0, 8, 64
"/Users/antonpyatnica/Downloads/ProjectVay/.claude/worktrees/vigilant-lewin/backend/src/ingestion/licenseGuard.ts", "TypeScript", 0, 0, 0, 0, 0, 21, 0, 0, 0, 0, 0, 0, 0, 0, 4, 25
"/Users/antonpyatnica/Downloads/ProjectVay/.claude/worktrees/vigilant-lewin/backend/src/ingestion/qualityScoring.ts", "TypeScript", 0, 0, 0, 0, 0, 29, 0, 0, 0, 0, 0, 0, 0, 0, 5, 34
"/Users/antonpyatnica/Downloads/ProjectVay/.claude/worktrees/vigilant-lewin/backend/src/ingestion/runIngestion.ts", "TypeScript", 0, 0, 0, 0, 0, 395, 0, 0, 0, 0, 0, 0, 0, 0, 35, 430
"/Users/antonpyatnica/Downloads/ProjectVay/.claude/worktrees/vigilant-lewin/backend/src/ingestion/sourceRegistry.ts", "TypeScript", 0, 0, 0, 0, 0, 19, 0, 0, 0, 0, 0, 0, 0, 0, 2, 21
"/Users/antonpyatnica/Downloads/ProjectVay/.claude/worktrees/vigilant-lewin/backend/src/ingestion/types.ts", "TypeScript", 0, 0, 0, 0, 0, 50, 0, 0, 0, 0, 0, 0, 0, 0, 7, 57
"/Users/antonpyatnica/Downloads/ProjectVay/.claude/worktrees/vigilant-lewin/backend/src/middleware/cors.ts", "TypeScript", 0, 0, 0, 0, 0, 12, 0, 0, 0, 0, 0, 0, 0, 0, 3, 15
"/Users/antonpyatnica/Downloads/ProjectVay/.claude/worktrees/vigilant-lewin/backend/src/middleware/error.ts", "TypeScript", 0, 0, 0, 0, 0, 70, 0, 0, 0, 0, 0, 0, 0, 0, 11, 81
"/Users/antonpyatnica/Downloads/ProjectVay/.claude/worktrees/vigilant-lewin/backend/src/middleware/helmet.ts", "TypeScript", 0, 0, 0, 0, 0, 22, 0, 0, 0, 0, 0, 0, 0, 0, 3, 25
"/Users/antonpyatnica/Downloads/ProjectVay/.claude/worktrees/vigilant-lewin/backend/src/middleware/rateLimit.ts", "TypeScript", 0, 0, 0, 0, 0, 37, 0, 0, 0, 0, 0, 0, 0, 0, 5, 42
"/Users/antonpyatnica/Downloads/ProjectVay/.claude/worktrees/vigilant-lewin/backend/src/routes/health.ts", "TypeScript", 0, 0, 0, 0, 0, 36, 0, 0, 0, 0, 0, 0, 0, 0, 8, 44
"/Users/antonpyatnica/Downloads/ProjectVay/.claude/worktrees/vigilant-lewin/backend/src/routes/v1/index.ts", "TypeScript", 0, 0, 0, 0, 0, 5, 0, 0, 0, 0, 0, 0, 0, 0, 4, 9
"/Users/antonpyatnica/Downloads/ProjectVay/.claude/worktrees/vigilant-lewin/backend/src/routes/v1/recipes.ts", "TypeScript", 0, 0, 0, 0, 0, 1001, 0, 0, 0, 0, 0, 0, 0, 14, 137, 1152
"/Users/antonpyatnica/Downloads/ProjectVay/.claude/worktrees/vigilant-lewin/backend/src/server.ts", "TypeScript", 0, 0, 0, 0, 0, 71, 0, 0, 0, 0, 0, 0, 0, 0, 16, 87
"/Users/antonpyatnica/Downloads/ProjectVay/.claude/worktrees/vigilant-lewin/backend/src/services/barcodeLookup.test.ts", "TypeScript", 0, 0, 0, 0, 0, 50, 0, 0, 0, 0, 0, 0, 0, 0, 4, 54
"/Users/antonpyatnica/Downloads/ProjectVay/.claude/worktrees/vigilant-lewin/backend/src/services/barcodeLookup.ts", "TypeScript", 0, 0, 0, 0, 0, 438, 0, 0, 0, 0, 0, 0, 0, 18, 74, 530
"/Users/antonpyatnica/Downloads/ProjectVay/.claude/worktrees/vigilant-lewin/backend/src/services/cacheStore.ts", "TypeScript", 0, 0, 0, 0, 0, 38, 0, 0, 0, 0, 0, 0, 0, 0, 7, 45
"/Users/antonpyatnica/Downloads/ProjectVay/.claude/worktrees/vigilant-lewin/backend/src/services/externalRecipes.ts", "TypeScript", 0, 0, 0, 0, 0, 275, 0, 0, 0, 0, 0, 0, 0, 0, 40, 315
"/Users/antonpyatnica/Downloads/ProjectVay/.claude/worktrees/vigilant-lewin/backend/src/services/ingredientNormalizer.ts", "TypeScript", 0, 0, 0, 0, 0, 79, 0, 0, 0, 0, 0, 0, 0, 0, 14, 93
"/Users/antonpyatnica/Downloads/ProjectVay/.claude/worktrees/vigilant-lewin/backend/src/services/ingredientSubstitutions.ts", "TypeScript", 0, 0, 0, 0, 0, 33, 0, 0, 0, 0, 0, 0, 0, 0, 5, 38
"/Users/antonpyatnica/Downloads/ProjectVay/.claude/worktrees/vigilant-lewin/backend/src/services/mealPlan.ts", "TypeScript", 0, 0, 0, 0, 0, 724, 0, 0, 0, 0, 0, 0, 0, 2, 97, 823
"/Users/antonpyatnica/Downloads/ProjectVay/.claude/worktrees/vigilant-lewin/backend/src/services/persistentRecipeCache.ts", "TypeScript", 0, 0, 0, 0, 0, 168, 0, 0, 0, 0, 0, 0, 0, 0, 32, 200
"/Users/antonpyatnica/Downloads/ProjectVay/.claude/worktrees/vigilant-lewin/backend/src/services/personalization.ts", "TypeScript", 0, 0, 0, 0, 0, 56, 0, 0, 0, 0, 0, 0, 0, 0, 15, 71
"/Users/antonpyatnica/Downloads/ProjectVay/.claude/worktrees/vigilant-lewin/backend/src/services/personalizationModel.ts", "TypeScript", 0, 0, 0, 0, 0, 110, 0, 0, 0, 0, 0, 0, 0, 0, 15, 125
"/Users/antonpyatnica/Downloads/ProjectVay/.claude/worktrees/vigilant-lewin/backend/src/services/priceEstimator.ts", "TypeScript", 0, 0, 0, 0, 0, 199, 0, 0, 0, 0, 0, 0, 0, 0, 36, 235
"/Users/antonpyatnica/Downloads/ProjectVay/.claude/worktrees/vigilant-lewin/backend/src/services/priceProviders/index.ts", "TypeScript", 0, 0, 0, 0, 0, 2, 0, 0, 0, 0, 0, 0, 0, 0, 1, 3
"/Users/antonpyatnica/Downloads/ProjectVay/.claude/worktrees/vigilant-lewin/backend/src/services/priceProviders/localHintsProvider.ts", "TypeScript", 0, 0, 0, 0, 0, 43, 0, 0, 0, 0, 0, 0, 0, 0, 9, 52
"/Users/antonpyatnica/Downloads/ProjectVay/.claude/worktrees/vigilant-lewin/backend/src/services/priceProviders/types.ts", "TypeScript", 0, 0, 0, 0, 0, 9, 0, 0, 0, 0, 0, 0, 0, 0, 2, 11
"/Users/antonpyatnica/Downloads/ProjectVay/.claude/worktrees/vigilant-lewin/backend/src/services/recipeIndex.ts", "TypeScript", 0, 0, 0, 0, 0, 56, 0, 0, 0, 0, 0, 0, 0, 0, 13, 69
"/Users/antonpyatnica/Downloads/ProjectVay/.claude/worktrees/vigilant-lewin/backend/src/services/recipeQuality.ts", "TypeScript", 0, 0, 0, 0, 0, 50, 0, 0, 0, 0, 0, 0, 0, 0, 8, 58
"/Users/antonpyatnica/Downloads/ProjectVay/.claude/worktrees/vigilant-lewin/backend/src/services/recipeScraper.ts", "TypeScript", 0, 0, 0, 0, 0, 384, 0, 0, 0, 0, 0, 0, 0, 0, 84, 468
"/Users/antonpyatnica/Downloads/ProjectVay/.claude/worktrees/vigilant-lewin/backend/src/services/recommendation.ts", "TypeScript", 0, 0, 0, 0, 0, 331, 0, 0, 0, 0, 0, 0, 0, 17, 62, 410
"/Users/antonpyatnica/Downloads/ProjectVay/.claude/worktrees/vigilant-lewin/backend/src/services/recommendationExplanation.ts", "TypeScript", 0, 0, 0, 0, 0, 70, 0, 0, 0, 0, 0, 0, 0, 0, 7, 77
"/Users/antonpyatnica/Downloads/ProjectVay/.claude/worktrees/vigilant-lewin/backend/src/services/sourcePolicy.ts", "TypeScript", 0, 0, 0, 0, 0, 52, 0, 0, 0, 0, 0, 0, 0, 0, 11, 63
"/Users/antonpyatnica/Downloads/ProjectVay/.claude/worktrees/vigilant-lewin/backend/src/services/userFeedbackStore.ts", "TypeScript", 0, 0, 0, 0, 0, 125, 0, 0, 0, 0, 0, 0, 0, 0, 21, 146
"/Users/antonpyatnica/Downloads/ProjectVay/.claude/worktrees/vigilant-lewin/backend/src/services/weeklyAutopilot.ts", "TypeScript", 0, 0, 0, 0, 0, 660, 0, 0, 0, 0, 0, 0, 0, 39, 95, 794
"/Users/antonpyatnica/Downloads/ProjectVay/.claude/worktrees/vigilant-lewin/backend/src/types/contracts.ts", "TypeScript", 0, 0, 0, 0, 0, 435, 0, 0, 0, 0, 0, 0, 0, 5, 55, 495
"/Users/antonpyatnica/Downloads/ProjectVay/.claude/worktrees/vigilant-lewin/backend/src/utils/logger.ts", "TypeScript", 0, 0, 0, 0, 0, 54, 0, 0, 0, 0, 0, 0, 0, 0, 6, 60
"/Users/antonpyatnica/Downloads/ProjectVay/.claude/worktrees/vigilant-lewin/backend/src/utils/normalize.ts", "TypeScript", 0, 0, 0, 0, 0, 12, 0, 0, 0, 0, 0, 0, 0, 0, 3, 15
"/Users/antonpyatnica/Downloads/ProjectVay/.claude/worktrees/vigilant-lewin/backend/test/barcodeLookup.test.ts", "TypeScript", 0, 0, 0, 0, 0, 158, 0, 0, 0, 0, 0, 0, 0, 0, 26, 184
"/Users/antonpyatnica/Downloads/ProjectVay/.claude/worktrees/vigilant-lewin/backend/test/ingestionAdapters.test.ts", "TypeScript", 0, 0, 0, 0, 0, 72, 0, 0, 0, 0, 0, 0, 0, 0, 10, 82
"/Users/antonpyatnica/Downloads/ProjectVay/.claude/worktrees/vigilant-lewin/backend/test/mealPlan.test.ts", "TypeScript", 0, 0, 0, 0, 0, 71, 0, 0, 0, 0, 0, 0, 0, 0, 10, 81
"/Users/antonpyatnica/Downloads/ProjectVay/.claude/worktrees/vigilant-lewin/backend/test/persistentRecipeCache.test.ts", "TypeScript", 0, 0, 0, 0, 0, 35, 0, 0, 0, 0, 0, 0, 0, 0, 8, 43
"/Users/antonpyatnica/Downloads/ProjectVay/.claude/worktrees/vigilant-lewin/backend/test/recipeScraper.test.ts", "TypeScript", 0, 0, 0, 0, 0, 73, 0, 0, 0, 0, 0, 0, 0, 0, 6, 79
"/Users/antonpyatnica/Downloads/ProjectVay/.claude/worktrees/vigilant-lewin/backend/test/recommendation.test.ts", "TypeScript", 0, 0, 0, 0, 0, 152, 0, 0, 0, 0, 0, 0, 0, 0, 15, 167
"/Users/antonpyatnica/Downloads/ProjectVay/.claude/worktrees/vigilant-lewin/backend/test/sourcePolicy.test.ts", "TypeScript", 0, 0, 0, 0, 0, 18, 0, 0, 0, 0, 0, 0, 0, 0, 4, 22
"/Users/antonpyatnica/Downloads/ProjectVay/.claude/worktrees/vigilant-lewin/backend/test/v2ApiRoutes.test.ts", "TypeScript", 0, 0, 0, 0, 0, 122, 0, 0, 0, 0, 0, 0, 0, 0, 15, 137
"/Users/antonpyatnica/Downloads/ProjectVay/.claude/worktrees/vigilant-lewin/backend/test/v2Contracts.test.ts", "TypeScript", 0, 0, 0, 0, 0, 43, 0, 0, 0, 0, 0, 0, 0, 0, 7, 50
"/Users/antonpyatnica/Downloads/ProjectVay/.claude/worktrees/vigilant-lewin/backend/test/weeklyAutopilot.test.ts", "TypeScript", 0, 0, 0, 0, 0, 203, 0, 0, 0, 0, 0, 0, 0, 11, 33, 247
"/Users/antonpyatnica/Downloads/ProjectVay/.claude/worktrees/vigilant-lewin/backend/tsconfig.json", "JSON with Comments", 0, 0, 0, 0, 0, 0, 19, 0, 0, 0, 0, 0, 0, 0, 1, 20
"/Users/antonpyatnica/Downloads/ProjectVay/.claude/worktrees/vigilant-lewin/backend/vitest.config.ts", "TypeScript", 0, 0, 0, 0, 0, 18, 0, 0, 0, 0, 0, 0, 0, 0, 2, 20
"/Users/antonpyatnica/Downloads/ProjectVay/.claude/worktrees/vigilant-lewin/docs/API_EXAMPLES.md", "Markdown", 117, 0, 0, 0, 0, 0, 0, 0, 0, 0, 0, 0, 0, 0, 16, 133
"/Users/antonpyatnica/Downloads/ProjectVay/.claude/worktrees/vigilant-lewin/docs/API_SPEC.md", "Markdown", 159, 0, 0, 0, 0, 0, 0, 0, 0, 0, 0, 0, 0, 0, 22, 181
"/Users/antonpyatnica/Downloads/ProjectVay/.claude/worktrees/vigilant-lewin/docs/ARCHITECTURE.md", "Markdown", 190, 0, 0, 0, 0, 0, 0, 0, 0, 0, 0, 0, 0, 0, 29, 219
"/Users/antonpyatnica/Downloads/ProjectVay/.claude/worktrees/vigilant-lewin/docs/AUDIT_CURRENT_STATE.md", "Markdown", 75, 0, 0, 0, 0, 0, 0, 0, 0, 0, 0, 0, 0, 0, 12, 87
"/Users/antonpyatnica/Downloads/ProjectVay/.claude/worktrees/vigilant-lewin/docs/DATA_RULES.md", "Markdown", 35, 0, 0, 0, 0, 0, 0, 0, 0, 0, 0, 0, 0, 0, 14, 49
"/Users/antonpyatnica/Downloads/ProjectVay/.claude/worktrees/vigilant-lewin/docs/IPA_DISTRIBUTION.md", "Markdown", 48, 0, 0, 0, 0, 0, 0, 0, 0, 0, 0, 0, 0, 0, 8, 56
"/Users/antonpyatnica/Downloads/ProjectVay/.claude/worktrees/vigilant-lewin/docs/MANUAL_TEST_CHECKLIST.md", "Markdown", 70, 0, 0, 0, 0, 0, 0, 0, 0, 0, 0, 0, 0, 0, 21, 91
"/Users/antonpyatnica/Downloads/ProjectVay/.claude/worktrees/vigilant-lewin/docs/NORTH_STAR_FLOW.md", "Markdown", 12, 0, 0, 0, 0, 0, 0, 0, 0, 0, 0, 0, 0, 0, 3, 15
"/Users/antonpyatnica/Downloads/ProjectVay/.claude/worktrees/vigilant-lewin/docs/NOTIFICATIONS_STRATEGY.md", "Markdown", 21, 0, 0, 0, 0, 0, 0, 0, 0, 0, 0, 0, 0, 0, 10, 31
"/Users/antonpyatnica/Downloads/ProjectVay/.claude/worktrees/vigilant-lewin/docs/QA_CHECKLIST.md", "Markdown", 33, 0, 0, 0, 0, 0, 0, 0, 0, 0, 0, 0, 0, 0, 15, 48
"/Users/antonpyatnica/Downloads/ProjectVay/.claude/worktrees/vigilant-lewin/docs/RANKING.md", "Markdown", 29, 0, 0, 0, 0, 0, 0, 0, 0, 0, 0, 0, 0, 0, 12, 41
"/Users/antonpyatnica/Downloads/ProjectVay/.claude/worktrees/vigilant-lewin/docs/RELEASE_NOTES_MVP.md", "Markdown", 13, 0, 0, 0, 0, 0, 0, 0, 0, 0, 0, 0, 0, 0, 5, 18
"/Users/antonpyatnica/Downloads/ProjectVay/.claude/worktrees/vigilant-lewin/docs/ROADMAP_6_WEEKS.md", "Markdown", 36, 0, 0, 0, 0, 0, 0, 0, 0, 0, 0, 0, 0, 0, 16, 52
"/Users/antonpyatnica/Downloads/ProjectVay/.claude/worktrees/vigilant-lewin/docs/SPEC_APPLE_HEALTH_METRICS.md", "Markdown", 23, 0, 0, 0, 0, 0, 0, 0, 0, 0, 0, 0, 0, 0, 10, 33
"/Users/antonpyatnica/Downloads/ProjectVay/.claude/worktrees/vigilant-lewin/docs/SPEC_BUDGET_RULES.md", "Markdown", 31, 0, 0, 0, 0, 0, 0, 0, 0, 0, 0, 0, 0, 0, 14, 45
"/Users/antonpyatnica/Downloads/ProjectVay/.claude/worktrees/vigilant-lewin/docs/SPEC_PLANNING_LOGIC.md", "Markdown", 52, 0, 0, 0, 0, 0, 0, 0, 0, 0, 0, 0, 0, 0, 22, 74
"/Users/antonpyatnica/Downloads/ProjectVay/.claude/worktrees/vigilant-lewin/docs/SPEC_REPLACE_MEAL.md", "Markdown", 36, 0, 0, 0, 0, 0, 0, 0, 0, 0, 0, 0, 0, 0, 14, 50
"/Users/antonpyatnica/Downloads/ProjectVay/.claude/worktrees/vigilant-lewin/docs/SPEC_WEEKLY_AUTOPILOT_MVP.md", "Markdown", 51, 0, 0, 0, 0, 0, 0, 0, 0, 0, 0, 0, 0, 0, 16, 67
"/Users/antonpyatnica/Downloads/ProjectVay/.claude/worktrees/vigilant-lewin/docs/TEST_PLAN.md", "Markdown", 151, 0, 0, 0, 0, 0, 0, 0, 0, 0, 0, 0, 0, 0, 28, 179
"/Users/antonpyatnica/Downloads/ProjectVay/.claude/worktrees/vigilant-lewin/ios/App/AppConfig.swift", "Swift", 0, 0, 0, 0, 204, 0, 0, 0, 0, 0, 0, 0, 0, 0, 37, 241
"/Users/antonpyatnica/Downloads/ProjectVay/.claude/worktrees/vigilant-lewin/ios/App/AppCoordinator.swift", "Swift", 0, 0, 0, 0, 52, 0, 0, 0, 0, 0, 0, 0, 0, 1, 12, 65
"/Users/antonpyatnica/Downloads/ProjectVay/.claude/worktrees/vigilant-lewin/ios/App/AppDependencies.swift", "Swift", 0, 0, 0, 0, 109, 0, 0, 0, 0, 0, 0, 0, 0, 1, 16, 126
"/Users/antonpyatnica/Downloads/ProjectVay/.claude/worktrees/vigilant-lewin/ios/App/AppIntents/AddProductIntent.swift", "Swift", 0, 0, 0, 0, 28, 0, 0, 0, 0, 0, 0, 0, 0, 0, 10, 38
"/Users/antonpyatnica/Downloads/ProjectVay/.claude/worktrees/vigilant-lewin/ios/App/AppIntents/CheckExpiryIntent.swift", "Swift", 0, 0, 0, 0, 40, 0, 0, 0, 0, 0, 0, 0, 0, 0, 9, 49
"/Users/antonpyatnica/Downloads/ProjectVay/.claude/worktrees/vigilant-lewin/ios/App/AppIntents/GeneratePlanIntent.swift", "Swift", 0, 0, 0, 0, 30, 0, 0, 0, 0, 0, 0, 0, 0, 0, 11, 41
"/Users/antonpyatnica/Downloads/ProjectVay/.claude/worktrees/vigilant-lewin/ios/App/AppIntents/InventoryShortcuts.swift", "Swift", 0, 0, 0, 0, 45, 0, 0, 0, 0, 0, 0, 0, 0, 0, 5, 50
"/Users/antonpyatnica/Downloads/ProjectVay/.claude/worktrees/vigilant-lewin/ios/App/InventoryAIApp.swift", "Swift", 0, 0, 0, 0, 78, 0, 0, 0, 0, 0, 0, 0, 0, 0, 7, 85
"/Users/antonpyatnica/Downloads/ProjectVay/.claude/worktrees/vigilant-lewin/ios/App/RootTabView.swift", "Swift", 0, 0, 0, 0, 261, 0, 0, 0, 0, 0, 0, 0, 0, 0, 25, 286
"/Users/antonpyatnica/Downloads/ProjectVay/.claude/worktrees/vigilant-lewin/ios/Assets.xcassets/AccentColor.colorset/Contents.json", "JSON", 0, 0, 0, 0, 0, 0, 0, 0, 38, 0, 0, 0, 0, 0, 1, 39
"/Users/antonpyatnica/Downloads/ProjectVay/.claude/worktrees/vigilant-lewin/ios/Assets.xcassets/AppIcon.appiconset/Contents.json", "JSON", 0, 0, 0, 0, 0, 0, 0, 0, 38, 0, 0, 0, 0, 0, 1, 39
"/Users/antonpyatnica/Downloads/ProjectVay/.claude/worktrees/vigilant-lewin/ios/Assets.xcassets/Contents.json", "JSON", 0, 0, 0, 0, 0, 0, 0, 0, 6, 0, 0, 0, 0, 0, 1, 7
"/Users/antonpyatnica/Downloads/ProjectVay/.claude/worktrees/vigilant-lewin/ios/DataSources/Seed/recipes_seed.json", "JSON", 0, 0, 0, 0, 0, 0, 0, 0, 25579, 0, 0, 0, 0, 0, 0, 25579
"/Users/antonpyatnica/Downloads/ProjectVay/.claude/worktrees/vigilant-lewin/ios/Features/Home/HomeView.swift", "Swift", 0, 0, 0, 0, 1149, 0, 0, 0, 0, 0, 0, 0, 0, 0, 135, 1284
"/Users/antonpyatnica/Downloads/ProjectVay/.claude/worktrees/vigilant-lewin/ios/Features/Inventory/AddProductView.swift", "Swift", 0, 0, 0, 0, 214, 0, 0, 0, 0, 0, 0, 0, 0, 7, 27, 248
"/Users/antonpyatnica/Downloads/ProjectVay/.claude/worktrees/vigilant-lewin/ios/Features/Inventory/EditBatchView.swift", "Swift", 0, 0, 0, 0, 198, 0, 0, 0, 0, 0, 0, 0, 0, 0, 13, 211
"/Users/antonpyatnica/Downloads/ProjectVay/.claude/worktrees/vigilant-lewin/ios/Features/Inventory/InventoryView.swift", "Swift", 0, 0, 0, 0, 527, 0, 0, 0, 0, 0, 0, 0, 0, 2, 45, 574
"/Users/antonpyatnica/Downloads/ProjectVay/.claude/worktrees/vigilant-lewin/ios/Features/Inventory/ProductDetailView.swift", "Swift", 0, 0, 0, 0, 495, 0, 0, 0, 0, 0, 0, 0, 0, 10, 50, 555
"/Users/antonpyatnica/Downloads/ProjectVay/.claude/worktrees/vigilant-lewin/ios/Features/MealPlan/CookNowView.swift", "Swift", 0, 0, 0, 0, 281, 0, 0, 0, 0, 0, 0, 0, 0, 11, 41, 333
"/Users/antonpyatnica/Downloads/ProjectVay/.claude/worktrees/vigilant-lewin/ios/Features/MealPlan/DeviationSheetView.swift", "Swift", 0, 0, 0, 0, 149, 0, 0, 0, 0, 0, 0, 0, 0, 7, 20, 176
"/Users/antonpyatnica/Downloads/ProjectVay/.claude/worktrees/vigilant-lewin/ios/Features/MealPlan/MealPlanView.swift", "Swift", 0, 0, 0, 0, 875, 0, 0, 0, 0, 0, 0, 0, 0, 2, 93, 970
"/Users/antonpyatnica/Downloads/ProjectVay/.claude/worktrees/vigilant-lewin/ios/Features/MealPlan/ShoppingListView.swift", "Swift", 0, 0, 0, 0, 138, 0, 0, 0, 0, 0, 0, 0, 0, 4, 23, 165
"/Users/antonpyatnica/Downloads/ProjectVay/.claude/worktrees/vigilant-lewin/ios/Features/MealPlan/WeeklyAutopilotView.swift", "Swift", 0, 0, 0, 0, 752, 0, 0, 0, 0, 0, 0, 0, 0, 38, 103, 893
"/Users/antonpyatnica/Downloads/ProjectVay/.claude/worktrees/vigilant-lewin/ios/Features/Onboarding/OnboardingFlowView.swift", "Swift", 0, 0, 0, 0, 411, 0, 0, 0, 0, 0, 0, 0, 0, 12, 42, 465
"/Users/antonpyatnica/Downloads/ProjectVay/.claude/worktrees/vigilant-lewin/ios/Features/Onboarding/OnboardingView.swift", "Swift", 0, 0, 0, 0, 7, 0, 0, 0, 0, 0, 0, 0, 0, 0, 2, 9
"/Users/antonpyatnica/Downloads/ProjectVay/.claude/worktrees/vigilant-lewin/ios/Features/Progress/ProgressView.swift", "Swift", 0, 0, 0, 0, 819, 0, 0, 0, 0, 0, 0, 0, 0, 0, 92, 911
"/Users/antonpyatnica/Downloads/ProjectVay/.claude/worktrees/vigilant-lewin/ios/Features/ReceiptScan/ReceiptScanView.swift", "Swift", 0, 0, 0, 0, 217, 0, 0, 0, 0, 0, 0, 0, 0, 0, 34, 251
"/Users/antonpyatnica/Downloads/ProjectVay/.claude/worktrees/vigilant-lewin/ios/Features/Recipe/RecipeView.swift", "Swift", 0, 0, 0, 0, 391, 0, 0, 0, 0, 0, 0, 0, 0, 0, 59, 450
"/Users/antonpyatnica/Downloads/ProjectVay/.claude/worktrees/vigilant-lewin/ios/Features/Scanner/ScannerView.swift", "Swift", 0, 0, 0, 0, 745, 0, 0, 0, 0, 0, 0, 0, 0, 14, 93, 852
"/Users/antonpyatnica/Downloads/ProjectVay/.claude/worktrees/vigilant-lewin/ios/Features/Settings/BodyMetricsView.swift", "Swift", 0, 0, 0, 0, 975, 0, 0, 0, 0, 0, 0, 0, 0, 0, 106, 1081
"/Users/antonpyatnica/Downloads/ProjectVay/.claude/worktrees/vigilant-lewin/ios/Features/Settings/DietSettingsView.swift", "Swift", 0, 0, 0, 0, 411, 0, 0, 0, 0, 0, 0, 0, 0, 0, 52, 463
"/Users/antonpyatnica/Downloads/ProjectVay/.claude/worktrees/vigilant-lewin/ios/Features/Settings/SettingsAchievementsView.swift", "Swift", 0, 0, 0, 0, 142, 0, 0, 0, 0, 0, 0, 0, 0, 0, 20, 162
"/Users/antonpyatnica/Downloads/ProjectVay/.claude/worktrees/vigilant-lewin/ios/Features/Settings/SettingsStatisticsView.swift", "Swift", 0, 0, 0, 0, 122, 0, 0, 0, 0, 0, 0, 0, 0, 0, 21, 143
"/Users/antonpyatnica/Downloads/ProjectVay/.claude/worktrees/vigilant-lewin/ios/Features/Settings/SettingsView.swift", "Swift", 0, 0, 0, 0, 551, 0, 0, 0, 0, 0, 0, 0, 0, 0, 76, 627
"/Users/antonpyatnica/Downloads/ProjectVay/.claude/worktrees/vigilant-lewin/ios/Models/Achievements.swift", "Swift", 0, 0, 0, 0, 225, 0, 0, 0, 0, 0, 0, 0, 0, 10, 25, 260
"/Users/antonpyatnica/Downloads/ProjectVay/.claude/worktrees/vigilant-lewin/ios/Models/DTOs.swift", "Swift", 0, 0, 0, 0, 432, 0, 0, 0, 0, 0, 0, 0, 0, 4, 70, 506
"/Users/antonpyatnica/Downloads/ProjectVay/.claude/worktrees/vigilant-lewin/ios/Models/DomainModels.swift", "Swift", 0, 0, 0, 0, 876, 0, 0, 0, 0, 0, 0, 0, 0, 2, 93, 971
"/Users/antonpyatnica/Downloads/ProjectVay/.claude/worktrees/vigilant-lewin/ios/Package.swift", "Swift", 0, 0, 0, 0, 46, 0, 0, 0, 0, 0, 0, 0, 0, 1, 2, 49
"/Users/antonpyatnica/Downloads/ProjectVay/.claude/worktrees/vigilant-lewin/ios/Persistence/Database.swift", "Swift", 0, 0, 0, 0, 30, 0, 0, 0, 0, 0, 0, 0, 0, 0, 7, 37
"/Users/antonpyatnica/Downloads/ProjectVay/.claude/worktrees/vigilant-lewin/ios/Persistence/Migrations.swift", "Swift", 0, 0, 0, 0, 182, 0, 0, 0, 0, 0, 0, 0, 0, 0, 29, 211
"/Users/antonpyatnica/Downloads/ProjectVay/.claude/worktrees/vigilant-lewin/ios/Persistence/Records/AppSettingsRecord.swift", "Swift", 0, 0, 0, 0, 204, 0, 0, 0, 0, 0, 0, 0, 0, 0, 10, 214
"/Users/antonpyatnica/Downloads/ProjectVay/.claude/worktrees/vigilant-lewin/ios/Persistence/Records/BatchRecord.swift", "Swift", 0, 0, 0, 0, 55, 0, 0, 0, 0, 0, 0, 0, 0, 0, 6, 61
"/Users/antonpyatnica/Downloads/ProjectVay/.claude/worktrees/vigilant-lewin/ios/Persistence/Records/InternalCodeMappingRecord.swift", "Swift", 0, 0, 0, 0, 31, 0, 0, 0, 0, 0, 0, 0, 0, 0, 6, 37
"/Users/antonpyatnica/Downloads/ProjectVay/.claude/worktrees/vigilant-lewin/ios/Persistence/Records/InventoryEventRecord.swift", "Swift", 0, 0, 0, 0, 51, 0, 0, 0, 0, 0, 0, 0, 0, 0, 6, 57
"/Users/antonpyatnica/Downloads/ProjectVay/.claude/worktrees/vigilant-lewin/ios/Persistence/Records/PriceEntryRecord.swift", "Swift", 0, 0, 0, 0, 39, 0, 0, 0, 0, 0, 0, 0, 0, 0, 6, 45
"/Users/antonpyatnica/Downloads/ProjectVay/.claude/worktrees/vigilant-lewin/ios/Persistence/Records/ProductRecord.swift", "Swift", 0, 0, 0, 0, 89, 0, 0, 0, 0, 0, 0, 0, 0, 0, 9, 98
"/Users/antonpyatnica/Downloads/ProjectVay/.claude/worktrees/vigilant-lewin/ios/Repositories/InventoryRepository.swift", "Swift", 0, 0, 0, 0, 216, 0, 0, 0, 0, 0, 0, 0, 0, 0, 33, 249
"/Users/antonpyatnica/Downloads/ProjectVay/.claude/worktrees/vigilant-lewin/ios/Repositories/SettingsRepository.swift", "Swift", 0, 0, 0, 0, 57, 0, 0, 0, 0, 0, 0, 0, 0, 0, 11, 68
"/Users/antonpyatnica/Downloads/ProjectVay/.claude/worktrees/vigilant-lewin/ios/Services/BarcodeLookupProviders.swift", "Swift", 0, 0, 0, 0, 741, 0, 0, 0, 0, 0, 0, 0, 0, 17, 142, 900
"/Users/antonpyatnica/Downloads/ProjectVay/.claude/worktrees/vigilant-lewin/ios/Services/BarcodeLookupService.swift", "Swift", 0, 0, 0, 0, 506, 0, 0, 0, 0, 0, 0, 0, 0, 1, 76, 583
"/Users/antonpyatnica/Downloads/ProjectVay/.claude/worktrees/vigilant-lewin/ios/Services/BodyMetricsTimeRange.swift", "Swift", 0, 0, 0, 0, 97, 0, 0, 0, 0, 0, 0, 0, 0, 0, 13, 110
"/Users/antonpyatnica/Downloads/ProjectVay/.claude/worktrees/vigilant-lewin/ios/Services/DynamicChartScaleDomain.swift", "Swift", 0, 0, 0, 0, 110, 0, 0, 0, 0, 0, 0, 0, 0, 0, 21, 131
"/Users/antonpyatnica/Downloads/ProjectVay/.claude/worktrees/vigilant-lewin/ios/Services/GamificationService.swift", "Swift", 0, 0, 0, 0, 377, 0, 0, 0, 0, 0, 0, 0, 0, 1, 70, 448
"/Users/antonpyatnica/Downloads/ProjectVay/.claude/worktrees/vigilant-lewin/ios/Services/HealthKitService.swift", "Swift", 0, 0, 0, 0, 519, 0, 0, 0, 0, 0, 0, 0, 0, 0, 74, 593
"/Users/antonpyatnica/Downloads/ProjectVay/.claude/worktrees/vigilant-lewin/ios/Services/InventoryService.swift", "Swift", 0, 0, 0, 0, 261, 0, 0, 0, 0, 0, 0, 0, 0, 0, 57, 318
"/Users/antonpyatnica/Downloads/ProjectVay/.claude/worktrees/vigilant-lewin/ios/Services/LocalRecipeCatalog.swift", "Swift", 0, 0, 0, 0, 525, 0, 0, 0, 0, 0, 0, 0, 0, 0, 103, 628
"/Users/antonpyatnica/Downloads/ProjectVay/.claude/worktrees/vigilant-lewin/ios/Services/NotificationScheduler.swift", "Swift", 0, 0, 0, 0, 158, 0, 0, 0, 0, 0, 0, 0, 0, 2, 34, 194
"/Users/antonpyatnica/Downloads/ProjectVay/.claude/worktrees/vigilant-lewin/ios/Services/PredictionService.swift", "Swift", 0, 0, 0, 0, 122, 0, 0, 0, 0, 0, 0, 0, 0, 0, 37, 159
"/Users/antonpyatnica/Downloads/ProjectVay/.claude/worktrees/vigilant-lewin/ios/Services/ReceiptScannerService.swift", "Swift", 0, 0, 0, 0, 147, 0, 0, 0, 0, 0, 0, 0, 0, 0, 41, 188
"/Users/antonpyatnica/Downloads/ProjectVay/.claude/worktrees/vigilant-lewin/ios/Services/RecipeServiceClient.swift", "Swift", 0, 0, 0, 0, 417, 0, 0, 0, 0, 0, 0, 0, 0, 1, 80, 498
"/Users/antonpyatnica/Downloads/ProjectVay/.claude/worktrees/vigilant-lewin/ios/Services/ScannerService.swift", "Swift", 0, 0, 0, 0, 104, 0, 0, 0, 0, 0, 0, 0, 0, 0, 27, 131
"/Users/antonpyatnica/Downloads/ProjectVay/.claude/worktrees/vigilant-lewin/ios/Services/SettingsService.swift", "Swift", 0, 0, 0, 0, 282, 0, 0, 0, 0, 0, 0, 0, 0, 0, 48, 330
"/Users/antonpyatnica/Downloads/ProjectVay/.claude/worktrees/vigilant-lewin/ios/Shared/Components/EmptyStateView.swift", "Swift", 0, 0, 0, 0, 62, 0, 0, 0, 0, 0, 0, 0, 0, 0, 8, 70
"/Users/antonpyatnica/Downloads/ProjectVay/.claude/worktrees/vigilant-lewin/ios/Shared/Components/GlassCard.swift", "Swift", 0, 0, 0, 0, 50, 0, 0, 0, 0, 0, 0, 0, 0, 1, 8, 59
"/Users/antonpyatnica/Downloads/ProjectVay/.claude/worktrees/vigilant-lewin/ios/Shared/Components/NutritionRing.swift", "Swift", 0, 0, 0, 0, 128, 0, 0, 0, 0, 0, 0, 0, 0, 5, 18, 151
"/Users/antonpyatnica/Downloads/ProjectVay/.claude/worktrees/vigilant-lewin/ios/Shared/Components/PredictionsCard.swift", "Swift", 0, 0, 0, 0, 80, 0, 0, 0, 0, 0, 0, 0, 0, 0, 11, 91
"/Users/antonpyatnica/Downloads/ProjectVay/.claude/worktrees/vigilant-lewin/ios/Shared/Components/StatCard.swift", "Swift", 0, 0, 0, 0, 89, 0, 0, 0, 0, 0, 0, 0, 0, 1, 15, 105
"/Users/antonpyatnica/Downloads/ProjectVay/.claude/worktrees/vigilant-lewin/ios/Shared/DesignSystem.swift", "Swift", 0, 0, 0, 0, 545, 0, 0, 0, 0, 0, 0, 0, 0, 36, 110, 691
"/Users/antonpyatnica/Downloads/ProjectVay/.claude/worktrees/vigilant-lewin/ios/Shared/Theme.swift", "Swift", 0, 0, 0, 0, 4, 0, 0, 0, 0, 0, 0, 0, 0, 0, 2, 6
"/Users/antonpyatnica/Downloads/ProjectVay/.claude/worktrees/vigilant-lewin/ios/Tests/InventoryCoreTests/AdaptiveNutritionUseCaseTests.swift", "Swift", 0, 0, 0, 0, 137, 0, 0, 0, 0, 0, 0, 0, 0, 0, 18, 155
"/Users/antonpyatnica/Downloads/ProjectVay/.claude/worktrees/vigilant-lewin/ios/Tests/InventoryCoreTests/AppSettingsStoreTests.swift", "Swift", 0, 0, 0, 0, 57, 0, 0, 0, 0, 0, 0, 0, 0, 0, 12, 69
"/Users/antonpyatnica/Downloads/ProjectVay/.claude/worktrees/vigilant-lewin/ios/Tests/InventoryCoreTests/BarcodeListRuParserTests.swift", "Swift", 0, 0, 0, 0, 54, 0, 0, 0, 0, 0, 0, 0, 0, 0, 15, 69
"/Users/antonpyatnica/Downloads/ProjectVay/.claude/worktrees/vigilant-lewin/ios/Tests/InventoryCoreTests/BarcodeLookupServiceTests.swift", "Swift", 0, 0, 0, 0, 762, 0, 0, 0, 0, 0, 0, 0, 0, 0, 131, 893
"/Users/antonpyatnica/Downloads/ProjectVay/.claude/worktrees/vigilant-lewin/ios/Tests/InventoryCoreTests/BodyMetricsTimeRangeTests.swift", "Swift", 0, 0, 0, 0, 70, 0, 0, 0, 0, 0, 0, 0, 0, 0, 18, 88
"/Users/antonpyatnica/Downloads/ProjectVay/.claude/worktrees/vigilant-lewin/ios/Tests/InventoryCoreTests/DatabaseMigrationTests.swift", "Swift", 0, 0, 0, 0, 101, 0, 0, 0, 0, 0, 0, 0, 0, 0, 11, 112
"/Users/antonpyatnica/Downloads/ProjectVay/.claude/worktrees/vigilant-lewin/ios/Tests/InventoryCoreTests/DynamicChartScaleDomainTests.swift", "Swift", 0, 0, 0, 0, 40, 0, 0, 0, 0, 0, 0, 0, 0, 0, 13, 53
"/Users/antonpyatnica/Downloads/ProjectVay/.claude/worktrees/vigilant-lewin/ios/Tests/InventoryCoreTests/GoUPCParserTests.swift", "Swift", 0, 0, 0, 0, 36, 0, 0, 0, 0, 0, 0, 0, 0, 0, 6, 42
"/Users/antonpyatnica/Downloads/ProjectVay/.claude/worktrees/vigilant-lewin/ios/Tests/InventoryCoreTests/HealthKitServiceStateTests.swift", "Swift", 0, 0, 0, 0, 76, 0, 0, 0, 0, 0, 0, 0, 0, 0, 8, 84
"/Users/antonpyatnica/Downloads/ProjectVay/.claude/worktrees/vigilant-lewin/ios/Tests/InventoryCoreTests/InventoryRepositoryTests.swift", "Swift", 0, 0, 0, 0, 93, 0, 0, 0, 0, 0, 0, 0, 0, 0, 19, 112
"/Users/antonpyatnica/Downloads/ProjectVay/.claude/worktrees/vigilant-lewin/ios/Tests/InventoryCoreTests/InventoryServiceIntegrationTests.swift", "Swift", 0, 0, 0, 0, 370, 0, 0, 0, 0, 0, 0, 0, 0, 0, 52, 422
"/Users/antonpyatnica/Downloads/ProjectVay/.claude/worktrees/vigilant-lewin/ios/Tests/InventoryCoreTests/LocalRecipeCatalogTests.swift", "Swift", 0, 0, 0, 0, 180, 0, 0, 0, 0, 0, 0, 0, 0, 0, 19, 199
"/Users/antonpyatnica/Downloads/ProjectVay/.claude/worktrees/vigilant-lewin/ios/Tests/InventoryCoreTests/MacroRecommendationFilterUseCaseTests.swift", "Swift", 0, 0, 0, 0, 80, 0, 0, 0, 0, 0, 0, 0, 0, 0, 12, 92
"/Users/antonpyatnica/Downloads/ProjectVay/.claude/worktrees/vigilant-lewin/ios/Tests/InventoryCoreTests/MealPlanSnapshotStoreTests.swift", "Swift", 0, 0, 0, 0, 96, 0, 0, 0, 0, 0, 0, 0, 0, 0, 17, 113
"/Users/antonpyatnica/Downloads/ProjectVay/.claude/worktrees/vigilant-lewin/ios/Tests/InventoryCoreTests/NotificationSchedulerTests.swift", "Swift", 0, 0, 0, 0, 59, 0, 0, 0, 0, 0, 0, 0, 0, 0, 15, 74
"/Users/antonpyatnica/Downloads/ProjectVay/.claude/worktrees/vigilant-lewin/ios/Tests/InventoryCoreTests/RecipeServiceClientTests.swift", "Swift", 0, 0, 0, 0, 21, 0, 0, 0, 0, 0, 0, 0, 0, 0, 4, 25
"/Users/antonpyatnica/Downloads/ProjectVay/.claude/worktrees/vigilant-lewin/ios/Tests/InventoryCoreTests/ScannerOneShotGateTests.swift", "Swift", 0, 0, 0, 0, 27, 0, 0, 0, 0, 0, 0, 0, 0, 0, 10, 37
"/Users/antonpyatnica/Downloads/ProjectVay/.claude/worktrees/vigilant-lewin/ios/Tests/InventoryCoreTests/ScannerServiceTests.swift", "Swift", 0, 0, 0, 0, 61, 0, 0, 0, 0, 0, 0, 0, 0, 0, 19, 80
"/Users/antonpyatnica/Downloads/ProjectVay/.claude/worktrees/vigilant-lewin/ios/Tests/InventoryCoreTests/SettingsServiceTests.swift", "Swift", 0, 0, 0, 0, 494, 0, 0, 0, 0, 0, 0, 0, 0, 0, 64, 558
"/Users/antonpyatnica/Downloads/ProjectVay/.claude/worktrees/vigilant-lewin/ios/UseCases/InventoryUseCases.swift", "Swift", 0, 0, 0, 0, 279, 0, 0, 0, 0, 0, 0, 0, 0, 0, 54, 333
"/Users/antonpyatnica/Downloads/ProjectVay/.claude/worktrees/vigilant-lewin/ios/UseCases/MacroRecommendationFilterUseCase.swift", "Swift", 0, 0, 0, 0, 436, 0, 0, 0, 0, 0, 0, 0, 0, 0, 78, 514
"/Users/antonpyatnica/Downloads/ProjectVay/.claude/worktrees/vigilant-lewin/ios/debug_url.swift", "Swift", 0, 0, 0, 0, 13, 0, 0, 0, 0, 0, 0, 0, 0, 0, 4, 17
"/Users/antonpyatnica/Downloads/ProjectVay/.claude/worktrees/vigilant-lewin/ios/project.yml", "YAML", 0, 0, 0, 123, 0, 0, 0, 0, 0, 0, 0, 0, 0, 0, 8, 131
"/Users/antonpyatnica/Downloads/ProjectVay/.claude/worktrees/vigilant-lewin/ios/scripts/build_barcode_index.py", "Python", 0, 313, 0, 0, 0, 0, 0, 0, 0, 0, 0, 0, 0, 1, 67, 381
"/Users/antonpyatnica/Downloads/ProjectVay/.claude/worktrees/vigilant-lewin/ios/scripts/build_ipa.sh", "Shell Script", 0, 0, 0, 0, 0, 0, 0, 0, 0, 0, 0, 45, 0, 1, 9, 55
"/Users/antonpyatnica/Downloads/ProjectVay/.claude/worktrees/vigilant-lewin/ios/scripts/fetch_product_datasets.sh", "Shell Script", 0, 0, 0, 0, 0, 0, 0, 0, 0, 0, 0, 229, 0, 1, 33, 263
"/Users/antonpyatnica/Downloads/ProjectVay/.claude/worktrees/vigilant-lewin/ios/scripts/fetch_recipe_seed.py", "Python", 0, 165, 0, 0, 0, 0, 0, 0, 0, 0, 0, 0, 0, 1, 55, 221
"/Users/antonpyatnica/Downloads/ProjectVay/.claude/worktrees/vigilant-lewin/ios/scripts/fetch_recipe_seed.sh", "Shell Script", 0, 0, 0, 0, 0, 0, 0, 0, 0, 0, 0, 5, 0, 1, 3, 9
"/Users/antonpyatnica/Downloads/ProjectVay/.claude/worktrees/vigilant-lewin/ios/scripts/generate_app_icon.py", "Python", 0, 104, 0, 0, 0, 0, 0, 0, 0, 0, 0, 0, 0, 1, 20, 125
"/Users/antonpyatnica/Downloads/ProjectVay/.claude/worktrees/vigilant-lewin/ios/scripts/tests/test_build_barcode_index.py", "Python", 0, 85, 0, 0, 0, 0, 0, 0, 0, 0, 0, 0, 0, 1, 21, 107
"/Users/antonpyatnica/Downloads/ProjectVay/.gemini/.env", "Dotenv", 0, 0, 0, 0, 0, 0, 0, 0, 0, 0, 0, 0, 1, 0, 1, 2
"/Users/antonpyatnica/Downloads/ProjectVay/.gemini/settings.json", "JSON with Comments", 0, 0, 0, 0, 0, 0, 5, 0, 0, 0, 0, 0, 0, 0, 1, 6
"/Users/antonpyatnica/Downloads/ProjectVay/.github/workflows/qwen-dispatch.yml", "YAML", 0, 0, 0, 189, 0, 0, 0, 0, 0, 0, 0, 0, 0, 3, 13, 205
"/Users/antonpyatnica/Downloads/ProjectVay/.github/workflows/qwen-invoke.yml", "YAML", 0, 0, 0, 111, 0, 0, 0, 0, 0, 0, 0, 0, 0, 0, 6, 117
"/Users/antonpyatnica/Downloads/ProjectVay/.github/workflows/qwen-review.yml", "YAML", 0, 0, 0, 98, 0, 0, 0, 0, 0, 0, 0, 0, 0, 0, 7, 105
"/Users/antonpyatnica/Downloads/ProjectVay/.github/workflows/qwen-scheduled-triage.yml", "YAML", 0, 0, 0, 182, 0, 0, 0, 0, 0, 0, 0, 0, 0, 5, 22, 209
"/Users/antonpyatnica/Downloads/ProjectVay/.github/workflows/qwen-triage.yml", "YAML", 0, 0, 0, 136, 0, 0, 0, 0, 0, 0, 0, 0, 0, 5, 12, 153
"/Users/antonpyatnica/Downloads/ProjectVay/AGENTS.md", "Markdown", 146, 0, 0, 0, 0, 0, 0, 0, 0, 0, 0, 0, 0, 0, 47, 193
"/Users/antonpyatnica/Downloads/ProjectVay/CLAUDE.md", "Markdown", 439, 0, 0, 0, 0, 0, 0, 0, 0, 0, 0, 0, 0, 0, 149, 588
"/Users/antonpyatnica/Downloads/ProjectVay/GEMINI.md", "Markdown", 116, 0, 0, 0, 0, 0, 0, 0, 0, 0, 0, 0, 0, 0, 28, 144
"/Users/antonpyatnica/Downloads/ProjectVay/README.md", "Markdown", 39, 0, 0, 0, 0, 0, 0, 0, 0, 0, 0, 0, 0, 0, 8, 47
"/Users/antonpyatnica/Downloads/ProjectVay/backend/.dockerignore", "Ignore", 0, 0, 0, 0, 0, 0, 0, 0, 0, 19, 0, 0, 0, 0, 1, 20
"/Users/antonpyatnica/Downloads/ProjectVay/backend/.github/workflows/ci.yml", "YAML", 0, 0, 0, 64, 0, 0, 0, 0, 0, 0, 0, 0, 0, 0, 19, 83
"/Users/antonpyatnica/Downloads/ProjectVay/backend/Dockerfile", "Docker", 0, 0, 23, 0, 0, 0, 0, 0, 0, 0, 0, 0, 0, 0, 15, 38
"/Users/antonpyatnica/Downloads/ProjectVay/backend/data/ai-store.sqlite", "MS SQL", 0, 0, 0, 0, 0, 0, 0, 16, 0, 0, 0, 0, 0, 0, 0, 16
"/Users/antonpyatnica/Downloads/ProjectVay/backend/data/recipe-cache.sqlite", "MS SQL", 0, 0, 0, 0, 0, 0, 0, 13, 0, 0, 0, 0, 0, 0, 0, 13
"/Users/antonpyatnica/Downloads/ProjectVay/backend/docker-compose.yml", "YAML", 0, 0, 0, 51, 0, 0, 0, 0, 0, 0, 0, 0, 0, 0, 4, 55
"/Users/antonpyatnica/Downloads/ProjectVay/backend/package-lock.json", "JSON", 0, 0, 0, 0, 0, 0, 0, 0, 6012, 0, 0, 0, 0, 0, 1, 6013
"/Users/antonpyatnica/Downloads/ProjectVay/backend/package.json", "JSON", 0, 0, 0, 0, 0, 0, 0, 0, 44, 0, 0, 0, 0, 0, 1, 45
"/Users/antonpyatnica/Downloads/ProjectVay/backend/scripts/build-local-db.js", "JavaScript", 0, 0, 0, 0, 0, 0, 0, 0, 0, 0, 115, 0, 0, 7, 1, 123
"/Users/antonpyatnica/Downloads/ProjectVay/backend/scripts/build-local-db.ts", "TypeScript", 0, 0, 0, 0, 0, 114, 0, 0, 0, 0, 0, 0, 0, 7, 34, 155
"/Users/antonpyatnica/Downloads/ProjectVay/backend/src/config/env.ts", "TypeScript", 0, 0, 0, 0, 0, 51, 0, 0, 0, 0, 0, 0, 0, 7, 18, 76
"/Users/antonpyatnica/Downloads/ProjectVay/backend/src/config/recipeSources.ts", "TypeScript", 0, 0, 0, 0, 0, 32, 0, 0, 0, 0, 0, 0, 0, 0, 5, 37
"/Users/antonpyatnica/Downloads/ProjectVay/backend/src/data/mockRecipes.ts", "TypeScript", 0, 0, 0, 0, 0, 1150, 0, 0, 0, 0, 0, 0, 0, 10, 8, 1168
"/Users/antonpyatnica/Downloads/ProjectVay/backend/src/ingestion/adapters/catalog.ts", "TypeScript", 0, 0, 0, 0, 0, 63, 0, 0, 0, 0, 0, 0, 0, 0, 13, 76
"/Users/antonpyatnica/Downloads/ProjectVay/backend/src/ingestion/adapters/edaru.ts", "TypeScript", 0, 0, 0, 0, 0, 44, 0, 0, 0, 0, 0, 0, 0, 0, 6, 50
"/Users/antonpyatnica/Downloads/ProjectVay/backend/src/ingestion/adapters/foodru.ts", "TypeScript", 0, 0, 0, 0, 0, 44, 0, 0, 0, 0, 0, 0, 0, 0, 6, 50
"/Users/antonpyatnica/Downloads/ProjectVay/backend/src/ingestion/adapters/magnit.ts", "TypeScript", 0, 0, 0, 0, 0, 48, 0, 0, 0, 0, 0, 0, 0, 0, 7, 55
"/Users/antonpyatnica/Downloads/ProjectVay/backend/src/ingestion/adapters/off.ts", "TypeScript", 0, 0, 0, 0, 0, 101, 0, 0, 0, 0, 0, 0, 0, 0, 19, 120
"/Users/antonpyatnica/Downloads/ProjectVay/backend/src/ingestion/adapters/povarru.ts", "TypeScript", 0, 0, 0, 0, 0, 44, 0, 0, 0, 0, 0, 0, 0, 0, 6, 50
"/Users/antonpyatnica/Downloads/ProjectVay/backend/src/ingestion/adapters/pyaterochka.ts", "TypeScript", 0, 0, 0, 0, 0, 49, 0, 0, 0, 0, 0, 0, 0, 0, 7, 56
"/Users/antonpyatnica/Downloads/ProjectVay/backend/src/ingestion/adapters/recipeHTML.ts", "TypeScript", 0, 0, 0, 0, 0, 188, 0, 0, 0, 0, 0, 0, 0, 0, 26, 214
"/Users/antonpyatnica/Downloads/ProjectVay/backend/src/ingestion/adapters/uhtt.ts", "TypeScript", 0, 0, 0, 0, 0, 51, 0, 0, 0, 0, 0, 0, 0, 0, 10, 61
"/Users/antonpyatnica/Downloads/ProjectVay/backend/src/ingestion/dedupe.ts", "TypeScript", 0, 0, 0, 0, 0, 56, 0, 0, 0, 0, 0, 0, 0, 0, 8, 64
"/Users/antonpyatnica/Downloads/ProjectVay/backend/src/ingestion/licenseGuard.ts", "TypeScript", 0, 0, 0, 0, 0, 21, 0, 0, 0, 0, 0, 0, 0, 0, 4, 25
"/Users/antonpyatnica/Downloads/ProjectVay/backend/src/ingestion/qualityScoring.ts", "TypeScript", 0, 0, 0, 0, 0, 29, 0, 0, 0, 0, 0, 0, 0, 0, 5, 34
"/Users/antonpyatnica/Downloads/ProjectVay/backend/src/ingestion/runIngestion.ts", "TypeScript", 0, 0, 0, 0, 0, 395, 0, 0, 0, 0, 0, 0, 0, 0, 35, 430
"/Users/antonpyatnica/Downloads/ProjectVay/backend/src/ingestion/sourceRegistry.ts", "TypeScript", 0, 0, 0, 0, 0, 19, 0, 0, 0, 0, 0, 0, 0, 0, 2, 21
"/Users/antonpyatnica/Downloads/ProjectVay/backend/src/ingestion/types.ts", "TypeScript", 0, 0, 0, 0, 0, 50, 0, 0, 0, 0, 0, 0, 0, 0, 7, 57
"/Users/antonpyatnica/Downloads/ProjectVay/backend/src/middleware/cors.ts", "TypeScript", 0, 0, 0, 0, 0, 12, 0, 0, 0, 0, 0, 0, 0, 0, 3, 15
"/Users/antonpyatnica/Downloads/ProjectVay/backend/src/middleware/error.ts", "TypeScript", 0, 0, 0, 0, 0, 70, 0, 0, 0, 0, 0, 0, 0, 0, 11, 81
"/Users/antonpyatnica/Downloads/ProjectVay/backend/src/middleware/helmet.ts", "TypeScript", 0, 0, 0, 0, 0, 22, 0, 0, 0, 0, 0, 0, 0, 0, 3, 25
"/Users/antonpyatnica/Downloads/ProjectVay/backend/src/middleware/rateLimit.ts", "TypeScript", 0, 0, 0, 0, 0, 37, 0, 0, 0, 0, 0, 0, 0, 0, 5, 42
"/Users/antonpyatnica/Downloads/ProjectVay/backend/src/routes/health.ts", "TypeScript", 0, 0, 0, 0, 0, 36, 0, 0, 0, 0, 0, 0, 0, 0, 8, 44
"/Users/antonpyatnica/Downloads/ProjectVay/backend/src/routes/v1/index.ts", "TypeScript", 0, 0, 0, 0, 0, 5, 0, 0, 0, 0, 0, 0, 0, 0, 4, 9
"/Users/antonpyatnica/Downloads/ProjectVay/backend/src/routes/v1/recipes.ts", "TypeScript", 0, 0, 0, 0, 0, 1011, 0, 0, 0, 0, 0, 0, 0, 14, 141, 1166
"/Users/antonpyatnica/Downloads/ProjectVay/backend/src/server.ts", "TypeScript", 0, 0, 0, 0, 0, 71, 0, 0, 0, 0, 0, 0, 0, 0, 16, 87
"/Users/antonpyatnica/Downloads/ProjectVay/backend/src/services/barcodeLookup.test.ts", "TypeScript", 0, 0, 0, 0, 0, 50, 0, 0, 0, 0, 0, 0, 0, 0, 4, 54
"/Users/antonpyatnica/Downloads/ProjectVay/backend/src/services/barcodeLookup.ts", "TypeScript", 0, 0, 0, 0, 0, 450, 0, 0, 0, 0, 0, 0, 0, 18, 74, 542
"/Users/antonpyatnica/Downloads/ProjectVay/backend/src/services/cacheStore.ts", "TypeScript", 0, 0, 0, 0, 0, 38, 0, 0, 0, 0, 0, 0, 0, 0, 7, 45
"/Users/antonpyatnica/Downloads/ProjectVay/backend/src/services/externalRecipes.ts", "TypeScript", 0, 0, 0, 0, 0, 275, 0, 0, 0, 0, 0, 0, 0, 0, 40, 315
"/Users/antonpyatnica/Downloads/ProjectVay/backend/src/services/ingredientNormalizer.ts", "TypeScript", 0, 0, 0, 0, 0, 79, 0, 0, 0, 0, 0, 0, 0, 0, 14, 93
"/Users/antonpyatnica/Downloads/ProjectVay/backend/src/services/ingredientSubstitutions.ts", "TypeScript", 0, 0, 0, 0, 0, 33, 0, 0, 0, 0, 0, 0, 0, 0, 5, 38
"/Users/antonpyatnica/Downloads/ProjectVay/backend/src/services/mealPlan.ts", "TypeScript", 0, 0, 0, 0, 0, 773, 0, 0, 0, 0, 0, 0, 0, 8, 103, 884
"/Users/antonpyatnica/Downloads/ProjectVay/backend/src/services/persistentRecipeCache.ts", "TypeScript", 0, 0, 0, 0, 0, 168, 0, 0, 0, 0, 0, 0, 0, 0, 32, 200
"/Users/antonpyatnica/Downloads/ProjectVay/backend/src/services/personalization.ts", "TypeScript", 0, 0, 0, 0, 0, 56, 0, 0, 0, 0, 0, 0, 0, 0, 15, 71
"/Users/antonpyatnica/Downloads/ProjectVay/backend/src/services/personalizationModel.ts", "TypeScript", 0, 0, 0, 0, 0, 110, 0, 0, 0, 0, 0, 0, 0, 0, 15, 125
"/Users/antonpyatnica/Downloads/ProjectVay/backend/src/services/priceEstimator.ts", "TypeScript", 0, 0, 0, 0, 0, 199, 0, 0, 0, 0, 0, 0, 0, 0, 36, 235
"/Users/antonpyatnica/Downloads/ProjectVay/backend/src/services/priceProviders/index.ts", "TypeScript", 0, 0, 0, 0, 0, 2, 0, 0, 0, 0, 0, 0, 0, 0, 1, 3
"/Users/antonpyatnica/Downloads/ProjectVay/backend/src/services/priceProviders/localHintsProvider.ts", "TypeScript", 0, 0, 0, 0, 0, 43, 0, 0, 0, 0, 0, 0, 0, 0, 9, 52
"/Users/antonpyatnica/Downloads/ProjectVay/backend/src/services/priceProviders/types.ts", "TypeScript", 0, 0, 0, 0, 0, 9, 0, 0, 0, 0, 0, 0, 0, 0, 2, 11
"/Users/antonpyatnica/Downloads/ProjectVay/backend/src/services/recipeIndex.ts", "TypeScript", 0, 0, 0, 0, 0, 56, 0, 0, 0, 0, 0, 0, 0, 0, 13, 69
"/Users/antonpyatnica/Downloads/ProjectVay/backend/src/services/recipeQuality.ts", "TypeScript", 0, 0, 0, 0, 0, 50, 0, 0, 0, 0, 0, 0, 0, 0, 8, 58
"/Users/antonpyatnica/Downloads/ProjectVay/backend/src/services/recipeScraper.ts", "TypeScript", 0, 0, 0, 0, 0, 384, 0, 0, 0, 0, 0, 0, 0, 0, 84, 468
"/Users/antonpyatnica/Downloads/ProjectVay/backend/src/services/recommendation.ts", "TypeScript", 0, 0, 0, 0, 0, 351, 0, 0, 0, 0, 0, 0, 0, 18, 63, 432
"/Users/antonpyatnica/Downloads/ProjectVay/backend/src/services/recommendationExplanation.ts", "TypeScript", 0, 0, 0, 0, 0, 70, 0, 0, 0, 0, 0, 0, 0, 0, 7, 77
"/Users/antonpyatnica/Downloads/ProjectVay/backend/src/services/sourcePolicy.ts", "TypeScript", 0, 0, 0, 0, 0, 52, 0, 0, 0, 0, 0, 0, 0, 0, 11, 63
"/Users/antonpyatnica/Downloads/ProjectVay/backend/src/services/userFeedbackStore.ts", "TypeScript", 0, 0, 0, 0, 0, 125, 0, 0, 0, 0, 0, 0, 0, 0, 21, 146
"/Users/antonpyatnica/Downloads/ProjectVay/backend/src/services/weeklyAutopilot.ts", "TypeScript", 0, 0, 0, 0, 0, 660, 0, 0, 0, 0, 0, 0, 0, 39, 95, 794
"/Users/antonpyatnica/Downloads/ProjectVay/backend/src/types/contracts.ts", "TypeScript", 0, 0, 0, 0, 0, 435, 0, 0, 0, 0, 0, 0, 0, 5, 55, 495
"/Users/antonpyatnica/Downloads/ProjectVay/backend/src/utils/logger.ts", "TypeScript", 0, 0, 0, 0, 0, 54, 0, 0, 0, 0, 0, 0, 0, 0, 6, 60
"/Users/antonpyatnica/Downloads/ProjectVay/backend/src/utils/normalize.ts", "TypeScript", 0, 0, 0, 0, 0, 12, 0, 0, 0, 0, 0, 0, 0, 0, 3, 15
"/Users/antonpyatnica/Downloads/ProjectVay/backend/test/barcodeLookup.test.ts", "TypeScript", 0, 0, 0, 0, 0, 158, 0, 0, 0, 0, 0, 0, 0, 0, 26, 184
"/Users/antonpyatnica/Downloads/ProjectVay/backend/test/ingestionAdapters.test.ts", "TypeScript", 0, 0, 0, 0, 0, 72, 0, 0, 0, 0, 0, 0, 0, 0, 10, 82
"/Users/antonpyatnica/Downloads/ProjectVay/backend/test/mealPlan.test.ts", "TypeScript", 0, 0, 0, 0, 0, 71, 0, 0, 0, 0, 0, 0, 0, 0, 10, 81
"/Users/antonpyatnica/Downloads/ProjectVay/backend/test/persistentRecipeCache.test.ts", "TypeScript", 0, 0, 0, 0, 0, 35, 0, 0, 0, 0, 0, 0, 0, 0, 8, 43
"/Users/antonpyatnica/Downloads/ProjectVay/backend/test/personalizationModel.test.ts", "TypeScript", 0, 0, 0, 0, 0, 190, 0, 0, 0, 0, 0, 0, 0, 11, 49, 250
"/Users/antonpyatnica/Downloads/ProjectVay/backend/test/priceEstimator.test.ts", "TypeScript", 0, 0, 0, 0, 0, 197, 0, 0, 0, 0, 0, 0, 0, 19, 44, 260
"/Users/antonpyatnica/Downloads/ProjectVay/backend/test/recipeScraper.test.ts", "TypeScript", 0, 0, 0, 0, 0, 73, 0, 0, 0, 0, 0, 0, 0, 0, 6, 79
"/Users/antonpyatnica/Downloads/ProjectVay/backend/test/recommendation.test.ts", "TypeScript", 0, 0, 0, 0, 0, 176, 0, 0, 0, 0, 0, 0, 0, 0, 16, 192
"/Users/antonpyatnica/Downloads/ProjectVay/backend/test/sourcePolicy.test.ts", "TypeScript", 0, 0, 0, 0, 0, 18, 0, 0, 0, 0, 0, 0, 0, 0, 4, 22
"/Users/antonpyatnica/Downloads/ProjectVay/backend/test/userFeedbackStore.test.ts", "TypeScript", 0, 0, 0, 0, 0, 146, 0, 0, 0, 0, 0, 0, 0, 6, 39, 191
"/Users/antonpyatnica/Downloads/ProjectVay/backend/test/v2ApiRoutes.test.ts", "TypeScript", 0, 0, 0, 0, 0, 122, 0, 0, 0, 0, 0, 0, 0, 0, 15, 137
"/Users/antonpyatnica/Downloads/ProjectVay/backend/test/v2Contracts.test.ts", "TypeScript", 0, 0, 0, 0, 0, 43, 0, 0, 0, 0, 0, 0, 0, 0, 7, 50
"/Users/antonpyatnica/Downloads/ProjectVay/backend/test/weeklyAutopilot.test.ts", "TypeScript", 0, 0, 0, 0, 0, 203, 0, 0, 0, 0, 0, 0, 0, 11, 33, 247
"/Users/antonpyatnica/Downloads/ProjectVay/backend/tsconfig.json", "JSON with Comments", 0, 0, 0, 0, 0, 0, 19, 0, 0, 0, 0, 0, 0, 0, 1, 20
"/Users/antonpyatnica/Downloads/ProjectVay/backend/vitest.config.ts", "TypeScript", 0, 0, 0, 0, 0, 18, 0, 0, 0, 0, 0, 0, 0, 0, 2, 20
"/Users/antonpyatnica/Downloads/ProjectVay/docs/API_EXAMPLES.md", "Markdown", 117, 0, 0, 0, 0, 0, 0, 0, 0, 0, 0, 0, 0, 0, 16, 133
"/Users/antonpyatnica/Downloads/ProjectVay/docs/API_SPEC.md", "Markdown", 159, 0, 0, 0, 0, 0, 0, 0, 0, 0, 0, 0, 0, 0, 22, 181
"/Users/antonpyatnica/Downloads/ProjectVay/docs/ARCHITECTURE.md", "Markdown", 190, 0, 0, 0, 0, 0, 0, 0, 0, 0, 0, 0, 0, 0, 29, 219
"/Users/antonpyatnica/Downloads/ProjectVay/docs/AUDIT_CURRENT_STATE.md", "Markdown", 75, 0, 0, 0, 0, 0, 0, 0, 0, 0, 0, 0, 0, 0, 12, 87
"/Users/antonpyatnica/Downloads/ProjectVay/docs/DATA_RULES.md", "Markdown", 35, 0, 0, 0, 0, 0, 0, 0, 0, 0, 0, 0, 0, 0, 14, 49
"/Users/antonpyatnica/Downloads/ProjectVay/docs/IPA_DISTRIBUTION.md", "Markdown", 48, 0, 0, 0, 0, 0, 0, 0, 0, 0, 0, 0, 0, 0, 8, 56
"/Users/antonpyatnica/Downloads/ProjectVay/docs/MANUAL_TEST_CHECKLIST.md", "Markdown", 70, 0, 0, 0, 0, 0, 0, 0, 0, 0, 0, 0, 0, 0, 21, 91
"/Users/antonpyatnica/Downloads/ProjectVay/docs/NORTH_STAR_FLOW.md", "Markdown", 12, 0, 0, 0, 0, 0, 0, 0, 0, 0, 0, 0, 0, 0, 3, 15
"/Users/antonpyatnica/Downloads/ProjectVay/docs/NOTIFICATIONS_STRATEGY.md", "Markdown", 21, 0, 0, 0, 0, 0, 0, 0, 0, 0, 0, 0, 0, 0, 10, 31
"/Users/antonpyatnica/Downloads/ProjectVay/docs/QA_CHECKLIST.md", "Markdown", 33, 0, 0, 0, 0, 0, 0, 0, 0, 0, 0, 0, 0, 0, 15, 48
"/Users/antonpyatnica/Downloads/ProjectVay/docs/RANKING.md", "Markdown", 29, 0, 0, 0, 0, 0, 0, 0, 0, 0, 0, 0, 0, 0, 12, 41
"/Users/antonpyatnica/Downloads/ProjectVay/docs/RELEASE_NOTES_MVP.md", "Markdown", 13, 0, 0, 0, 0, 0, 0, 0, 0, 0, 0, 0, 0, 0, 5, 18
"/Users/antonpyatnica/Downloads/ProjectVay/docs/ROADMAP_6_WEEKS.md", "Markdown", 36, 0, 0, 0, 0, 0, 0, 0, 0, 0, 0, 0, 0, 0, 16, 52
"/Users/antonpyatnica/Downloads/ProjectVay/docs/SPEC_APPLE_HEALTH_METRICS.md", "Markdown", 23, 0, 0, 0, 0, 0, 0, 0, 0, 0, 0, 0, 0, 0, 10, 33
"/Users/antonpyatnica/Downloads/ProjectVay/docs/SPEC_BUDGET_RULES.md", "Markdown", 31, 0, 0, 0, 0, 0, 0, 0, 0, 0, 0, 0, 0, 0, 14, 45
"/Users/antonpyatnica/Downloads/ProjectVay/docs/SPEC_PLANNING_LOGIC.md", "Markdown", 52, 0, 0, 0, 0, 0, 0, 0, 0, 0, 0, 0, 0, 0, 22, 74
"/Users/antonpyatnica/Downloads/ProjectVay/docs/SPEC_REPLACE_MEAL.md", "Markdown", 36, 0, 0, 0, 0, 0, 0, 0, 0, 0, 0, 0, 0, 0, 14, 50
"/Users/antonpyatnica/Downloads/ProjectVay/docs/SPEC_WEEKLY_AUTOPILOT_MVP.md", "Markdown", 51, 0, 0, 0, 0, 0, 0, 0, 0, 0, 0, 0, 0, 0, 16, 67
"/Users/antonpyatnica/Downloads/ProjectVay/docs/TEST_PLAN.md", "Markdown", 151, 0, 0, 0, 0, 0, 0, 0, 0, 0, 0, 0, 0, 0, 28, 179
"/Users/antonpyatnica/Downloads/ProjectVay/ios/App/AppConfig.swift", "Swift", 0, 0, 0, 0, 241, 0, 0, 0, 0, 0, 0, 0, 0, 2, 43, 286
"/Users/antonpyatnica/Downloads/ProjectVay/ios/App/AppCoordinator.swift", "Swift", 0, 0, 0, 0, 53, 0, 0, 0, 0, 0, 0, 0, 0, 1, 12, 66
"/Users/antonpyatnica/Downloads/ProjectVay/ios/App/AppDependencies.swift", "Swift", 0, 0, 0, 0, 124, 0, 0, 0, 0, 0, 0, 0, 0, 1, 20, 145
"/Users/antonpyatnica/Downloads/ProjectVay/ios/App/AppIntents/AddProductIntent.swift", "Swift", 0, 0, 0, 0, 28, 0, 0, 0, 0, 0, 0, 0, 0, 0, 10, 38
"/Users/antonpyatnica/Downloads/ProjectVay/ios/App/AppIntents/CheckExpiryIntent.swift", "Swift", 0, 0, 0, 0, 40, 0, 0, 0, 0, 0, 0, 0, 0, 0, 9, 49
"/Users/antonpyatnica/Downloads/ProjectVay/ios/App/AppIntents/GeneratePlanIntent.swift", "Swift", 0, 0, 0, 0, 30, 0, 0, 0, 0, 0, 0, 0, 0, 0, 11, 41
"/Users/antonpyatnica/Downloads/ProjectVay/ios/App/AppIntents/InventoryShortcuts.swift", "Swift", 0, 0, 0, 0, 45, 0, 0, 0, 0, 0, 0, 0, 0, 0, 5, 50
"/Users/antonpyatnica/Downloads/ProjectVay/ios/App/InventoryAIApp.swift", "Swift", 0, 0, 0, 0, 79, 0, 0, 0, 0, 0, 0, 0, 0, 0, 7, 86
"/Users/antonpyatnica/Downloads/ProjectVay/ios/App/Resources/local_barcode_db.sqlite", "MS SQL", 0, 0, 0, 0, 0, 0, 0, 8360, 0, 0, 0, 0, 0, 0, 5425, 13785
"/Users/antonpyatnica/Downloads/ProjectVay/ios/App/RootTabView.swift", "Swift", 0, 0, 0, 0, 312, 0, 0, 0, 0, 0, 0, 0, 0, 0, 26, 338
"/Users/antonpyatnica/Downloads/ProjectVay/ios/Assets.xcassets/AccentColor.colorset/Contents.json", "JSON", 0, 0, 0, 0, 0, 0, 0, 0, 38, 0, 0, 0, 0, 0, 1, 39
"/Users/antonpyatnica/Downloads/ProjectVay/ios/Assets.xcassets/AppIcon.appiconset/Contents.json", "JSON", 0, 0, 0, 0, 0, 0, 0, 0, 38, 0, 0, 0, 0, 0, 1, 39
"/Users/antonpyatnica/Downloads/ProjectVay/ios/Assets.xcassets/Contents.json", "JSON", 0, 0, 0, 0, 0, 0, 0, 0, 6, 0, 0, 0, 0, 0, 1, 7
"/Users/antonpyatnica/Downloads/ProjectVay/ios/Assets.xcassets/StoreLogos/store_auchan.imageset/Contents.json", "JSON", 0, 0, 0, 0, 0, 0, 0, 0, 12, 0, 0, 0, 0, 0, 0, 12
"/Users/antonpyatnica/Downloads/ProjectVay/ios/Assets.xcassets/StoreLogos/store_dixy.imageset/Contents.json", "JSON", 0, 0, 0, 0, 0, 0, 0, 0, 12, 0, 0, 0, 0, 0, 0, 12
"/Users/antonpyatnica/Downloads/ProjectVay/ios/Assets.xcassets/StoreLogos/store_fixprice.imageset/Contents.json", "JSON", 0, 0, 0, 0, 0, 0, 0, 0, 12, 0, 0, 0, 0, 0, 0, 12
"/Users/antonpyatnica/Downloads/ProjectVay/ios/Assets.xcassets/StoreLogos/store_lenta.imageset/Contents.json", "JSON", 0, 0, 0, 0, 0, 0, 0, 0, 12, 0, 0, 0, 0, 0, 0, 12
"/Users/antonpyatnica/Downloads/ProjectVay/ios/Assets.xcassets/StoreLogos/store_magnit.imageset/Contents.json", "JSON", 0, 0, 0, 0, 0, 0, 0, 0, 12, 0, 0, 0, 0, 0, 0, 12
"/Users/antonpyatnica/Downloads/ProjectVay/ios/Assets.xcassets/StoreLogos/store_metro.imageset/Contents.json", "JSON", 0, 0, 0, 0, 0, 0, 0, 0, 12, 0, 0, 0, 0, 0, 0, 12
"/Users/antonpyatnica/Downloads/ProjectVay/ios/Assets.xcassets/StoreLogos/store_okey.imageset/Contents.json", "JSON", 0, 0, 0, 0, 0, 0, 0, 0, 12, 0, 0, 0, 0, 0, 0, 12
"/Users/antonpyatnica/Downloads/ProjectVay/ios/Assets.xcassets/StoreLogos/store_ozonfresh.imageset/Contents.json", "JSON", 0, 0, 0, 0, 0, 0, 0, 0, 12, 0, 0, 0, 0, 0, 0, 12
"/Users/antonpyatnica/Downloads/ProjectVay/ios/Assets.xcassets/StoreLogos/store_perekrestok.imageset/Contents.json", "JSON", 0, 0, 0, 0, 0, 0, 0, 0, 12, 0, 0, 0, 0, 0, 0, 12
"/Users/antonpyatnica/Downloads/ProjectVay/ios/Assets.xcassets/StoreLogos/store_pyaterochka.imageset/Contents.json", "JSON", 0, 0, 0, 0, 0, 0, 0, 0, 12, 0, 0, 0, 0, 0, 0, 12
"/Users/antonpyatnica/Downloads/ProjectVay/ios/Assets.xcassets/StoreLogos/store_samokat.imageset/Contents.json", "JSON", 0, 0, 0, 0, 0, 0, 0, 0, 12, 0, 0, 0, 0, 0, 0, 12
"/Users/antonpyatnica/Downloads/ProjectVay/ios/Assets.xcassets/StoreLogos/store_vkusvill.imageset/Contents.json", "JSON", 0, 0, 0, 0, 0, 0, 0, 0, 12, 0, 0, 0, 0, 0, 0, 12
"/Users/antonpyatnica/Downloads/ProjectVay/ios/Assets.xcassets/StoreLogos/store_yandexlavka.imageset/Contents.json", "JSON", 0, 0, 0, 0, 0, 0, 0, 0, 12, 0, 0, 0, 0, 0, 0, 12
"/Users/antonpyatnica/Downloads/ProjectVay/ios/DataSources/Seed/recipes_seed.json", "JSON", 0, 0, 0, 0, 0, 0, 0, 0, 25579, 0, 0, 0, 0, 0, 0, 25579
"/Users/antonpyatnica/Downloads/ProjectVay/ios/Features/Home/HomeView.swift", "Swift", 0, 0, 0, 0, 1189, 0, 0, 0, 0, 0, 0, 0, 0, 5, 140, 1334
"/Users/antonpyatnica/Downloads/ProjectVay/ios/Features/Home/LogFoodSheet.swift", "Swift", 0, 0, 0, 0, 109, 0, 0, 0, 0, 0, 0, 0, 0, 0, 13, 122
"/Users/antonpyatnica/Downloads/ProjectVay/ios/Features/Inventory/AddProductView.swift", "Swift", 0, 0, 0, 0, 227, 0, 0, 0, 0, 0, 0, 0, 0, 7, 28, 262
"/Users/antonpyatnica/Downloads/ProjectVay/ios/Features/Inventory/EditBatchView.swift", "Swift", 0, 0, 0, 0, 202, 0, 0, 0, 0, 0, 0, 0, 0, 0, 13, 215
"/Users/antonpyatnica/Downloads/ProjectVay/ios/Features/Inventory/InventoryView.swift", "Swift", 0, 0, 0, 0, 600, 0, 0, 0, 0, 0, 0, 0, 0, 3, 49, 652
"/Users/antonpyatnica/Downloads/ProjectVay/ios/Features/Inventory/ProductDetailView.swift", "Swift", 0, 0, 0, 0, 677, 0, 0, 0, 0, 0, 0, 0, 0, 12, 56, 745
"/Users/antonpyatnica/Downloads/ProjectVay/ios/Features/MealPlan/CookNowView.swift", "Swift", 0, 0, 0, 0, 281, 0, 0, 0, 0, 0, 0, 0, 0, 11, 41, 333
"/Users/antonpyatnica/Downloads/ProjectVay/ios/Features/MealPlan/DeviationSheetView.swift", "Swift", 0, 0, 0, 0, 149, 0, 0, 0, 0, 0, 0, 0, 0, 7, 20, 176
"/Users/antonpyatnica/Downloads/ProjectVay/ios/Features/MealPlan/MealPlanView.swift", "Swift", 0, 0, 0, 0, 1059, 0, 0, 0, 0, 0, 0, 0, 0, 14, 117, 1190
"/Users/antonpyatnica/Downloads/ProjectVay/ios/Features/MealPlan/RecipeSearchSheet.swift", "Swift", 0, 0, 0, 0, 135, 0, 0, 0, 0, 0, 0, 0, 0, 4, 21, 160
"/Users/antonpyatnica/Downloads/ProjectVay/ios/Features/MealPlan/ShoppingListView.swift", "Swift", 0, 0, 0, 0, 275, 0, 0, 0, 0, 0, 0, 0, 0, 4, 32, 311
"/Users/antonpyatnica/Downloads/ProjectVay/ios/Features/MealPlan/WeeklyAutopilotView.swift", "Swift", 0, 0, 0, 0, 750, 0, 0, 0, 0, 0, 0, 0, 0, 38, 102, 890
"/Users/antonpyatnica/Downloads/ProjectVay/ios/Features/Onboarding/OnboardingFlowView.swift", "Swift", 0, 0, 0, 0, 393, 0, 0, 0, 0, 0, 0, 0, 0, 12, 42, 447
"/Users/antonpyatnica/Downloads/ProjectVay/ios/Features/Onboarding/OnboardingView.swift", "Swift", 0, 0, 0, 0, 7, 0, 0, 0, 0, 0, 0, 0, 0, 0, 2, 9
"/Users/antonpyatnica/Downloads/ProjectVay/ios/Features/Progress/ProgressView.swift", "Swift", 0, 0, 0, 0, 819, 0, 0, 0, 0, 0, 0, 0, 0, 0, 92, 911
"/Users/antonpyatnica/Downloads/ProjectVay/ios/Features/ReceiptScan/ReceiptScanView.swift", "Swift", 0, 0, 0, 0, 217, 0, 0, 0, 0, 0, 0, 0, 0, 0, 34, 251
"/Users/antonpyatnica/Downloads/ProjectVay/ios/Features/Recipe/CookingModeView.swift", "Swift", 0, 0, 0, 0, 169, 0, 0, 0, 0, 0, 0, 0, 0, 7, 24, 200
"/Users/antonpyatnica/Downloads/ProjectVay/ios/Features/Recipe/RecipeView.swift", "Swift", 0, 0, 0, 0, 527, 0, 0, 0, 0, 0, 0, 0, 0, 2, 70, 599
"/Users/antonpyatnica/Downloads/ProjectVay/ios/Features/Scanner/ScannerView.swift", "Swift", 0, 0, 0, 0, 821, 0, 0, 0, 0, 0, 0, 0, 0, 14, 103, 938
"/Users/antonpyatnica/Downloads/ProjectVay/ios/Features/Settings/BodyMetricsView.swift", "Swift", 0, 0, 0, 0, 1100, 0, 0, 0, 0, 0, 0, 0, 0, 2, 123, 1225
"/Users/antonpyatnica/Downloads/ProjectVay/ios/Features/Settings/DietSettingsView.swift", "Swift", 0, 0, 0, 0, 507, 0, 0, 0, 0, 0, 0, 0, 0, 5, 55, 567
"/Users/antonpyatnica/Downloads/ProjectVay/ios/Features/Settings/SettingsAchievementsView.swift", "Swift", 0, 0, 0, 0, 382, 0, 0, 0, 0, 0, 0, 0, 0, 4, 45, 431
"/Users/antonpyatnica/Downloads/ProjectVay/ios/Features/Settings/SettingsRowView.swift", "Swift", 0, 0, 0, 0, 38, 0, 0, 0, 0, 0, 0, 0, 0, 1, 8, 47
"/Users/antonpyatnica/Downloads/ProjectVay/ios/Features/Settings/SettingsStatisticsView.swift", "Swift", 0, 0, 0, 0, 411, 0, 0, 0, 0, 0, 0, 0, 0, 12, 62, 485
"/Users/antonpyatnica/Downloads/ProjectVay/ios/Features/Settings/SettingsView.swift", "Swift", 0, 0, 0, 0, 600, 0, 0, 0, 0, 0, 0, 0, 0, 7, 78, 685
"/Users/antonpyatnica/Downloads/ProjectVay/ios/Models/Achievements.swift", "Swift", 0, 0, 0, 0, 225, 0, 0, 0, 0, 0, 0, 0, 0, 10, 25, 260
"/Users/antonpyatnica/Downloads/ProjectVay/ios/Models/DTOs.swift", "Swift", 0, 0, 0, 0, 455, 0, 0, 0, 0, 0, 0, 0, 0, 4, 73, 532
"/Users/antonpyatnica/Downloads/ProjectVay/ios/Models/DomainModels.swift", "Swift", 0, 0, 0, 0, 949, 0, 0, 0, 0, 0, 0, 0, 0, 5, 98, 1052
"/Users/antonpyatnica/Downloads/ProjectVay/ios/Models/ShoppingListItem.swift", "Swift", 0, 0, 0, 0, 27, 0, 0, 0, 0, 0, 0, 0, 0, 0, 3, 30
"/Users/antonpyatnica/Downloads/ProjectVay/ios/Package.swift", "Swift", 0, 0, 0, 0, 46, 0, 0, 0, 0, 0, 0, 0, 0, 1, 2, 49
"/Users/antonpyatnica/Downloads/ProjectVay/ios/Persistence/Database.swift", "Swift", 0, 0, 0, 0, 30, 0, 0, 0, 0, 0, 0, 0, 0, 0, 7, 37
"/Users/antonpyatnica/Downloads/ProjectVay/ios/Persistence/Migrations.swift", "Swift", 0, 0, 0, 0, 239, 0, 0, 0, 0, 0, 0, 0, 0, 0, 38, 277
"/Users/antonpyatnica/Downloads/ProjectVay/ios/Persistence/Records/AppSettingsRecord.swift", "Swift", 0, 0, 0, 0, 229, 0, 0, 0, 0, 0, 0, 0, 0, 0, 10, 239
"/Users/antonpyatnica/Downloads/ProjectVay/ios/Persistence/Records/BatchRecord.swift", "Swift", 0, 0, 0, 0, 55, 0, 0, 0, 0, 0, 0, 0, 0, 0, 6, 61
"/Users/antonpyatnica/Downloads/ProjectVay/ios/Persistence/Records/InternalCodeMappingRecord.swift", "Swift", 0, 0, 0, 0, 31, 0, 0, 0, 0, 0, 0, 0, 0, 0, 6, 37
"/Users/antonpyatnica/Downloads/ProjectVay/ios/Persistence/Records/InventoryEventRecord.swift", "Swift", 0, 0, 0, 0, 51, 0, 0, 0, 0, 0, 0, 0, 0, 0, 6, 57
"/Users/antonpyatnica/Downloads/ProjectVay/ios/Persistence/Records/PriceEntryRecord.swift", "Swift", 0, 0, 0, 0, 39, 0, 0, 0, 0, 0, 0, 0, 0, 0, 6, 45
"/Users/antonpyatnica/Downloads/ProjectVay/ios/Persistence/Records/ProductRecord.swift", "Swift", 0, 0, 0, 0, 104, 0, 0, 0, 0, 0, 0, 0, 0, 0, 10, 114
"/Users/antonpyatnica/Downloads/ProjectVay/ios/Persistence/Records/ShoppingListItemRecord.swift", "Swift", 0, 0, 0, 0, 44, 0, 0, 0, 0, 0, 0, 0, 0, 0, 6, 50
"/Users/antonpyatnica/Downloads/ProjectVay/ios/Repositories/InventoryRepository.swift", "Swift", 0, 0, 0, 0, 216, 0, 0, 0, 0, 0, 0, 0, 0, 0, 33, 249
"/Users/antonpyatnica/Downloads/ProjectVay/ios/Repositories/SettingsRepository.swift", "Swift", 0, 0, 0, 0, 57, 0, 0, 0, 0, 0, 0, 0, 0, 0, 11, 68
"/Users/antonpyatnica/Downloads/ProjectVay/ios/Repositories/ShoppingListRepository.swift", "Swift", 0, 0, 0, 0, 52, 0, 0, 0, 0, 0, 0, 0, 0, 0, 10, 62
"/Users/antonpyatnica/Downloads/ProjectVay/ios/Services/BarcodeLookupProviders.swift", "Swift", 0, 0, 0, 0, 818, 0, 0, 0, 0, 0, 0, 0, 0, 18, 159, 995
"/Users/antonpyatnica/Downloads/ProjectVay/ios/Services/BarcodeLookupService.swift", "Swift", 0, 0, 0, 0, 569, 0, 0, 0, 0, 0, 0, 0, 0, 6, 87, 662
"/Users/antonpyatnica/Downloads/ProjectVay/ios/Services/BodyMetricsTimeRange.swift", "Swift", 0, 0, 0, 0, 97, 0, 0, 0, 0, 0, 0, 0, 0, 0, 13, 110
"/Users/antonpyatnica/Downloads/ProjectVay/ios/Services/DynamicChartScaleDomain.swift", "Swift", 0, 0, 0, 0, 110, 0, 0, 0, 0, 0, 0, 0, 0, 0, 21, 131
"/Users/antonpyatnica/Downloads/ProjectVay/ios/Services/GamificationService.swift", "Swift", 0, 0, 0, 0, 382, 0, 0, 0, 0, 0, 0, 0, 0, 2, 71, 455
"/Users/antonpyatnica/Downloads/ProjectVay/ios/Services/GoogleImageSearchProvider.swift", "Swift", 0, 0, 0, 0, 71, 0, 0, 0, 0, 0, 0, 0, 0, 1, 16, 88
"/Users/antonpyatnica/Downloads/ProjectVay/ios/Services/HealthKitService.swift", "Swift", 0, 0, 0, 0, 540, 0, 0, 0, 0, 0, 0, 0, 0, 0, 77, 617
"/Users/antonpyatnica/Downloads/ProjectVay/ios/Services/InventoryService.swift", "Swift", 0, 0, 0, 0, 267, 0, 0, 0, 0, 0, 0, 0, 0, 0, 58, 325
"/Users/antonpyatnica/Downloads/ProjectVay/ios/Services/LocalRecipeCatalog.swift", "Swift", 0, 0, 0, 0, 531, 0, 0, 0, 0, 0, 0, 0, 0, 0, 103, 634
"/Users/antonpyatnica/Downloads/ProjectVay/ios/Services/NotificationScheduler.swift", "Swift", 0, 0, 0, 0, 167, 0, 0, 0, 0, 0, 0, 0, 0, 2, 37, 206
"/Users/antonpyatnica/Downloads/ProjectVay/ios/Services/NutritionCalculator.swift", "Swift", 0, 0, 0, 0, 144, 0, 0, 0, 0, 0, 0, 0, 0, 16, 26, 186
"/Users/antonpyatnica/Downloads/ProjectVay/ios/Services/NutritionTargetsService.swift", "Swift", 0, 0, 0, 0, 124, 0, 0, 0, 0, 0, 0, 0, 0, 13, 24, 161
"/Users/antonpyatnica/Downloads/ProjectVay/ios/Services/PredictionService.swift", "Swift", 0, 0, 0, 0, 122, 0, 0, 0, 0, 0, 0, 0, 0, 0, 37, 159
"/Users/antonpyatnica/Downloads/ProjectVay/ios/Services/ProductClassifier.swift", "Swift", 0, 0, 0, 0, 52, 0, 0, 0, 0, 0, 0, 0, 0, 20, 3, 75
"/Users/antonpyatnica/Downloads/ProjectVay/ios/Services/ProductNameFormatter.swift", "Swift", 0, 0, 0, 0, 83, 0, 0, 0, 0, 0, 0, 0, 0, 10, 21, 114
"/Users/antonpyatnica/Downloads/ProjectVay/ios/Services/ReceiptScannerService.swift", "Swift", 0, 0, 0, 0, 147, 0, 0, 0, 0, 0, 0, 0, 0, 0, 41, 188
"/Users/antonpyatnica/Downloads/ProjectVay/ios/Services/RecipeServiceClient.swift", "Swift", 0, 0, 0, 0, 432, 0, 0, 0, 0, 0, 0, 0, 0, 1, 83, 516
"/Users/antonpyatnica/Downloads/ProjectVay/ios/Services/ScannerService.swift", "Swift", 0, 0, 0, 0, 104, 0, 0, 0, 0, 0, 0, 0, 0, 0, 27, 131
"/Users/antonpyatnica/Downloads/ProjectVay/ios/Services/SettingsService.swift", "Swift", 0, 0, 0, 0, 283, 0, 0, 0, 0, 0, 0, 0, 0, 0, 48, 331
"/Users/antonpyatnica/Downloads/ProjectVay/ios/Services/ShoppingListService.swift", "Swift", 0, 0, 0, 0, 54, 0, 0, 0, 0, 0, 0, 0, 0, 1, 15, 70
"/Users/antonpyatnica/Downloads/ProjectVay/ios/Shared/Components/EmptyStateView.swift", "Swift", 0, 0, 0, 0, 73, 0, 0, 0, 0, 0, 0, 0, 0, 0, 8, 81
"/Users/antonpyatnica/Downloads/ProjectVay/ios/Shared/Components/GlassCard.swift", "Swift", 0, 0, 0, 0, 50, 0, 0, 0, 0, 0, 0, 0, 0, 1, 8, 59
"/Users/antonpyatnica/Downloads/ProjectVay/ios/Shared/Components/NutritionRing.swift", "Swift", 0, 0, 0, 0, 128, 0, 0, 0, 0, 0, 0, 0, 0, 5, 18, 151
"/Users/antonpyatnica/Downloads/ProjectVay/ios/Shared/Components/PredictionsCard.swift", "Swift", 0, 0, 0, 0, 80, 0, 0, 0, 0, 0, 0, 0, 0, 0, 11, 91
"/Users/antonpyatnica/Downloads/ProjectVay/ios/Shared/Components/StatCard.swift", "Swift", 0, 0, 0, 0, 89, 0, 0, 0, 0, 0, 0, 0, 0, 1, 15, 105
"/Users/antonpyatnica/Downloads/ProjectVay/ios/Shared/DesignSystem.swift", "Swift", 0, 0, 0, 0, 545, 0, 0, 0, 0, 0, 0, 0, 0, 36, 110, 691
"/Users/antonpyatnica/Downloads/ProjectVay/ios/Shared/Theme.swift", "Swift", 0, 0, 0, 0, 4, 0, 0, 0, 0, 0, 0, 0, 0, 0, 2, 6
"/Users/antonpyatnica/Downloads/ProjectVay/ios/Shared/Views/LevelUpSplashView.swift", "Swift", 0, 0, 0, 0, 85, 0, 0, 0, 0, 0, 0, 0, 0, 5, 14, 104
"/Users/antonpyatnica/Downloads/ProjectVay/ios/Tests/InventoryCoreTests/AdaptiveNutritionUseCaseTests.swift", "Swift", 0, 0, 0, 0, 132, 0, 0, 0, 0, 0, 0, 0, 0, 0, 18, 150
"/Users/antonpyatnica/Downloads/ProjectVay/ios/Tests/InventoryCoreTests/AppSettingsStoreTests.swift", "Swift", 0, 0, 0, 0, 57, 0, 0, 0, 0, 0, 0, 0, 0, 0, 12, 69
"/Users/antonpyatnica/Downloads/ProjectVay/ios/Tests/InventoryCoreTests/BarcodeListRuParserTests.swift", "Swift", 0, 0, 0, 0, 54, 0, 0, 0, 0, 0, 0, 0, 0, 0, 15, 69
"/Users/antonpyatnica/Downloads/ProjectVay/ios/Tests/InventoryCoreTests/BarcodeLookupServiceTests.swift", "Swift", 0, 0, 0, 0, 765, 0, 0, 0, 0, 0, 0, 0, 0, 0, 131, 896
"/Users/antonpyatnica/Downloads/ProjectVay/ios/Tests/InventoryCoreTests/BodyMetricsTimeRangeTests.swift", "Swift", 0, 0, 0, 0, 70, 0, 0, 0, 0, 0, 0, 0, 0, 0, 18, 88
"/Users/antonpyatnica/Downloads/ProjectVay/ios/Tests/InventoryCoreTests/DatabaseMigrationTests.swift", "Swift", 0, 0, 0, 0, 101, 0, 0, 0, 0, 0, 0, 0, 0, 0, 11, 112
"/Users/antonpyatnica/Downloads/ProjectVay/ios/Tests/InventoryCoreTests/DynamicChartScaleDomainTests.swift", "Swift", 0, 0, 0, 0, 40, 0, 0, 0, 0, 0, 0, 0, 0, 0, 13, 53
"/Users/antonpyatnica/Downloads/ProjectVay/ios/Tests/InventoryCoreTests/GoUPCParserTests.swift", "Swift", 0, 0, 0, 0, 36, 0, 0, 0, 0, 0, 0, 0, 0, 0, 6, 42
"/Users/antonpyatnica/Downloads/ProjectVay/ios/Tests/InventoryCoreTests/HealthKitServiceStateTests.swift", "Swift", 0, 0, 0, 0, 76, 0, 0, 0, 0, 0, 0, 0, 0, 0, 8, 84
"/Users/antonpyatnica/Downloads/ProjectVay/ios/Tests/InventoryCoreTests/HealthWeightChartTests.swift", "Swift", 0, 0, 0, 0, 43, 0, 0, 0, 0, 0, 0, 0, 0, 2, 11, 56
"/Users/antonpyatnica/Downloads/ProjectVay/ios/Tests/InventoryCoreTests/HighPrecisionBudgetTests.swift", "Swift", 0, 0, 0, 0, 28, 0, 0, 0, 0, 0, 0, 0, 0, 7, 10, 45
"/Users/antonpyatnica/Downloads/ProjectVay/ios/Tests/InventoryCoreTests/InventoryRepositoryTests.swift", "Swift", 0, 0, 0, 0, 93, 0, 0, 0, 0, 0, 0, 0, 0, 0, 19, 112
"/Users/antonpyatnica/Downloads/ProjectVay/ios/Tests/InventoryCoreTests/InventoryServiceIntegrationTests.swift", "Swift", 0, 0, 0, 0, 370, 0, 0, 0, 0, 0, 0, 0, 0, 0, 52, 422
"/Users/antonpyatnica/Downloads/ProjectVay/ios/Tests/InventoryCoreTests/LocalRecipeCatalogTests.swift", "Swift", 0, 0, 0, 0, 180, 0, 0, 0, 0, 0, 0, 0, 0, 0, 19, 199
"/Users/antonpyatnica/Downloads/ProjectVay/ios/Tests/InventoryCoreTests/MacroRecommendationFilterUseCaseTests.swift", "Swift", 0, 0, 0, 0, 80, 0, 0, 0, 0, 0, 0, 0, 0, 0, 12, 92
"/Users/antonpyatnica/Downloads/ProjectVay/ios/Tests/InventoryCoreTests/MealPlanSnapshotStoreTests.swift", "Swift", 0, 0, 0, 0, 96, 0, 0, 0, 0, 0, 0, 0, 0, 0, 17, 113
"/Users/antonpyatnica/Downloads/ProjectVay/ios/Tests/InventoryCoreTests/NotificationSchedulerTests.swift", "Swift", 0, 0, 0, 0, 59, 0, 0, 0, 0, 0, 0, 0, 0, 0, 15, 74
"/Users/antonpyatnica/Downloads/ProjectVay/ios/Tests/InventoryCoreTests/NutritionCalculatorTests.swift", "Swift", 0, 0, 0, 0, 168, 0, 0, 0, 0, 0, 0, 0, 0, 23, 28, 219
"/Users/antonpyatnica/Downloads/ProjectVay/ios/Tests/InventoryCoreTests/RecipeServiceClientTests.swift", "Swift", 0, 0, 0, 0, 21, 0, 0, 0, 0, 0, 0, 0, 0, 0, 4, 25
"/Users/antonpyatnica/Downloads/ProjectVay/ios/Tests/InventoryCoreTests/ScannerOneShotGateTests.swift", "Swift", 0, 0, 0, 0, 27, 0, 0, 0, 0, 0, 0, 0, 0, 0, 10, 37
"/Users/antonpyatnica/Downloads/ProjectVay/ios/Tests/InventoryCoreTests/ScannerServiceTests.swift", "Swift", 0, 0, 0, 0, 61, 0, 0, 0, 0, 0, 0, 0, 0, 0, 19, 80
"/Users/antonpyatnica/Downloads/ProjectVay/ios/Tests/InventoryCoreTests/SettingsServiceTests.swift", "Swift", 0, 0, 0, 0, 505, 0, 0, 0, 0, 0, 0, 0, 0, 2, 67, 574
"/Users/antonpyatnica/Downloads/ProjectVay/ios/Tests/InventoryCoreTests/StoreAssetsTests.swift", "Swift", 0, 0, 0, 0, 18, 0, 0, 0, 0, 0, 0, 0, 0, 0, 4, 22
"/Users/antonpyatnica/Downloads/ProjectVay/ios/UseCases/InventoryUseCases.swift", "Swift", 0, 0, 0, 0, 279, 0, 0, 0, 0, 0, 0, 0, 0, 0, 54, 333
"/Users/antonpyatnica/Downloads/ProjectVay/ios/UseCases/MacroRecommendationFilterUseCase.swift", "Swift", 0, 0, 0, 0, 398, 0, 0, 0, 0, 0, 0, 0, 0, 0, 71, 469
"/Users/antonpyatnica/Downloads/ProjectVay/ios/debug_url.swift", "Swift", 0, 0, 0, 0, 13, 0, 0, 0, 0, 0, 0, 0, 0, 0, 4, 17
"/Users/antonpyatnica/Downloads/ProjectVay/ios/project.yml", "YAML", 0, 0, 0, 140, 0, 0, 0, 0, 0, 0, 0, 0, 0, 0, 8, 148
"/Users/antonpyatnica/Downloads/ProjectVay/ios/scripts/build_barcode_index.py", "Python", 0, 313, 0, 0, 0, 0, 0, 0, 0, 0, 0, 0, 0, 1, 67, 381
"/Users/antonpyatnica/Downloads/ProjectVay/ios/scripts/build_ipa.sh", "Shell Script", 0, 0, 0, 0, 0, 0, 0, 0, 0, 0, 0, 45, 0, 1, 9, 55
"/Users/antonpyatnica/Downloads/ProjectVay/ios/scripts/fetch_product_datasets.sh", "Shell Script", 0, 0, 0, 0, 0, 0, 0, 0, 0, 0, 0, 229, 0, 1, 33, 263
"/Users/antonpyatnica/Downloads/ProjectVay/ios/scripts/fetch_recipe_seed.py", "Python", 0, 165, 0, 0, 0, 0, 0, 0, 0, 0, 0, 0, 0, 1, 55, 221
"/Users/antonpyatnica/Downloads/ProjectVay/ios/scripts/fetch_recipe_seed.sh", "Shell Script", 0, 0, 0, 0, 0, 0, 0, 0, 0, 0, 0, 5, 0, 1, 3, 9
"/Users/antonpyatnica/Downloads/ProjectVay/ios/scripts/generate_app_icon.py", "Python", 0, 104, 0, 0, 0, 0, 0, 0, 0, 0, 0, 0, 0, 1, 20, 125
"/Users/antonpyatnica/Downloads/ProjectVay/ios/scripts/tests/test_build_barcode_index.py", "Python", 0, 85, 0, 0, 0, 0, 0, 0, 0, 0, 0, 0, 0, 1, 21, 107
"/Users/antonpyatnica/Downloads/ProjectVay/ownyourcode/guides/SCENARIOS.md", "Markdown", 167, 0, 0, 0, 0, 0, 0, 0, 0, 0, 0, 0, 0, 0, 76, 243
"/Users/antonpyatnica/Downloads/ProjectVay/ownyourcode/guides/context7-setup.md", "Markdown", 55, 0, 0, 0, 0, 0, 0, 0, 0, 0, 0, 0, 0, 0, 41, 96
"/Users/antonpyatnica/Downloads/ProjectVay/ownyourcode/guides/philosophy.md", "Markdown", 122, 0, 0, 0, 0, 0, 0, 0, 0, 0, 0, 0, 0, 0, 70, 192
"/Users/antonpyatnica/Downloads/ProjectVay/ownyourcode/guides/protocols.md", "Markdown", 79, 0, 0, 0, 0, 0, 0, 0, 0, 0, 0, 0, 0, 0, 38, 117
"/Users/antonpyatnica/Downloads/ProjectVay/ownyourcode/product/mission.md", "Markdown", 8, 0, 0, 0, 0, 0, 0, 0, 0, 0, 0, 0, 0, 0, 8, 16
"/Users/antonpyatnica/Downloads/ProjectVay/ownyourcode/product/roadmap.md", "Markdown", 11, 0, 0, 0, 0, 0, 0, 0, 0, 0, 0, 0, 0, 0, 8, 19
"/Users/antonpyatnica/Downloads/ProjectVay/ownyourcode/product/stack.md", "Markdown", 8, 0, 0, 0, 0, 0, 0, 0, 0, 0, 0, 0, 0, 0, 8, 16
"/Users/antonpyatnica/Downloads/ProjectVay/ownyourcode/profiles/career-switcher.md", "Markdown", 154, 0, 0, 0, 0, 0, 0, 0, 0, 0, 0, 0, 0, 0, 61, 215
"/Users/antonpyatnica/Downloads/ProjectVay/ownyourcode/profiles/default.md", "Markdown", 30, 0, 0, 0, 0, 0, 0, 0, 0, 0, 0, 0, 0, 0, 16, 46
"/Users/antonpyatnica/Downloads/ProjectVay/ownyourcode/profiles/experienced.md", "Markdown", 177, 0, 0, 0, 0, 0, 0, 0, 0, 0, 0, 0, 0, 0, 69, 246
"/Users/antonpyatnica/Downloads/ProjectVay/ownyourcode/profiles/interview-prep.md", "Markdown", 172, 0, 0, 0, 0, 0, 0, 0, 0, 0, 0, 0, 0, 0, 66, 238
"/Users/antonpyatnica/Downloads/ProjectVay/ownyourcode/profiles/junior.md", "Markdown", 173, 0, 0, 0, 0, 0, 0, 0, 0, 0, 0, 0, 0, 0, 71, 244
"/Users/antonpyatnica/Downloads/ProjectVay/scripts/fix_store_logos.py", "Python", 0, 68, 0, 0, 0, 0, 0, 0, 0, 0, 0, 0, 0, 15, 20, 103
"/Users/antonpyatnica/Downloads/ProjectVay/scripts/generate_store_logos.py", "Python", 0, 79, 0, 0, 0, 0, 0, 0, 0, 0, 0, 0, 0, 3, 24, 106
"Total", "-", 17726, 1481, 46, 1925, 47181, 17845, 43, 8418, 63391, 38, 115, 558, 1, 909, 22265, 181942